,version,variable,product_type,experiment,temporal_aggregation,period,ensemble_member,model,lat_resolution,lon_resolution
0,v2-0,csdiETCCDI,b1961-1990,historical,yr,1850-2014,r1i1p1f1,ACCESS-CM2,0.5,0.5
1,v2-0,csdiETCCDI,b1961-1990,ssp126,yr,2015-2100,r1i1p1f1,ACCESS-CM2,0.5,0.5
2,v2-0,csdiETCCDI,b1961-1990,ssp245,yr,2015-2100,r1i1p1f1,ACCESS-CM2,0.5,0.5
3,v2-0,csdiETCCDI,b1961-1990,ssp370,yr,2015-2100,r1i1p1f1,ACCESS-CM2,0.5,0.5
4,v2-0,csdiETCCDI,b1961-1990,ssp585,yr,2015-2100,r1i1p1f1,ACCESS-CM2,0.5,0.5
5,v2-0,csdiETCCDI,b1961-1990,historical,yr,1850-2014,r1i1p1f1,ACCESS-ESM1-5,0.5,0.5
6,v2-0,csdiETCCDI,b1961-1990,ssp126,yr,2015-2100,r1i1p1f1,ACCESS-ESM1-5,0.5,0.5
7,v2-0,csdiETCCDI,b1961-1990,ssp245,yr,2015-2100,r1i1p1f1,ACCESS-ESM1-5,0.5,0.5
8,v2-0,csdiETCCDI,b1961-1990,ssp370,yr,2015-2100,r1i1p1f1,ACCESS-ESM1-5,0.5,0.5
9,v2-0,csdiETCCDI,b1961-1990,ssp585,yr,2015-2100,r1i1p1f1,ACCESS-ESM1-5,0.5,0.5
10,v2-0,csdiETCCDI,b1961-1990,historical,yr,1850-2014,r1i1p1f1,BCC-CSM2-MR,0.5,0.5
11,v2-0,csdiETCCDI,b1961-1990,ssp126,yr,2015-2100,r1i1p1f1,BCC-CSM2-MR,0.5,0.5
12,v2-0,csdiETCCDI,b1961-1990,ssp245,yr,2015-2100,r1i1p1f1,BCC-CSM2-MR,0.5,0.5
13,v2-0,csdiETCCDI,b1961-1990,ssp370,yr,2015-2100,r1i1p1f1,BCC-CSM2-MR,0.5,0.5
14,v2-0,csdiETCCDI,b1961-1990,ssp585,yr,2015-2100,r1i1p1f1,BCC-CSM2-MR,0.5,0.5
15,v2-0,csdiETCCDI,b1961-1990,historical,yr,1850-2014,r1i1p1f2,CNRM-CM6-1-HR,0.5,0.5
16,v2-0,csdiETCCDI,b1961-1990,ssp126,yr,2015-2100,r1i1p1f2,CNRM-CM6-1-HR,0.5,0.5
17,v2-0,csdiETCCDI,b1961-1990,ssp585,yr,2015-2100,r1i1p1f2,CNRM-CM6-1-HR,0.5,0.5
18,v2-0,csdiETCCDI,b1961-1990,historical,yr,1850-2014,r1i1p1f2,CNRM-CM6-1,0.5,0.5
19,v2-0,csdiETCCDI,b1961-1990,ssp126,yr,2015-2100,r1i1p1f2,CNRM-CM6-1,0.5,0.5
20,v2-0,csdiETCCDI,b1961-1990,ssp245,yr,2015-2100,r1i1p1f2,CNRM-CM6-1,0.5,0.5
21,v2-0,csdiETCCDI,b1961-1990,ssp370,yr,2015-2100,r1i1p1f2,CNRM-CM6-1,0.5,0.5
22,v2-0,csdiETCCDI,b1961-1990,ssp585,yr,2015-2100,r1i1p1f2,CNRM-CM6-1,0.5,0.5
23,v2-0,csdiETCCDI,b1961-1990,historical,yr,1850-2014,r1i1p1f2,CNRM-ESM2-1,0.5,0.5
24,v2-0,csdiETCCDI,b1961-1990,ssp126,yr,2015-2100,r1i1p1f2,CNRM-ESM2-1,0.5,0.5
25,v2-0,csdiETCCDI,b1961-1990,ssp245,yr,2015-2100,r1i1p1f2,CNRM-ESM2-1,0.5,0.5
26,v2-0,csdiETCCDI,b1961-1990,ssp370,yr,2015-2100,r1i1p1f2,CNRM-ESM2-1,0.5,0.5
27,v2-0,csdiETCCDI,b1961-1990,ssp585,yr,2015-2100,r1i1p1f2,CNRM-ESM2-1,0.5,0.5
28,v2-0,csdiETCCDI,b1961-1990,historical,yr,1850-2014,r1i1p1f1,CanESM5,0.5,0.5
29,v2-0,csdiETCCDI,b1961-1990,ssp245,yr,2015-2100,r1i1p1f1,CanESM5,0.5,0.5
30,v2-0,csdiETCCDI,b1961-1990,ssp370,yr,2015-2100,r1i1p1f1,CanESM5,0.5,0.5
31,v2-0,csdiETCCDI,b1961-1990,ssp585,yr,2015-2100,r1i1p1f1,CanESM5,0.5,0.5
32,v2-0,csdiETCCDI,b1961-1990,historical,yr,1850-2014,r1i1p1f1,EC-Earth3-Veg,0.5,0.5
33,v2-0,csdiETCCDI,b1961-1990,ssp126,yr,2015-2100,r1i1p1f1,EC-Earth3-Veg,0.5,0.5
34,v2-0,csdiETCCDI,b1961-1990,ssp245,yr,2015-2100,r1i1p1f1,EC-Earth3-Veg,0.5,0.5
35,v2-0,csdiETCCDI,b1961-1990,ssp370,yr,2015-2100,r1i1p1f1,EC-Earth3-Veg,0.5,0.5
36,v2-0,csdiETCCDI,b1961-1990,ssp585,yr,2015-2100,r1i1p1f1,EC-Earth3-Veg,0.5,0.5
37,v2-0,csdiETCCDI,b1961-1990,historical,yr,1850-2014,r1i1p1f1,EC-Earth3,0.5,0.5
38,v2-0,csdiETCCDI,b1961-1990,ssp126,yr,2015-2100,r1i1p1f1,EC-Earth3,0.5,0.5
39,v2-0,csdiETCCDI,b1961-1990,ssp245,yr,2015-2100,r1i1p1f1,EC-Earth3,0.5,0.5
40,v2-0,csdiETCCDI,b1961-1990,ssp370,yr,2015-2100,r1i1p1f1,EC-Earth3,0.5,0.5
41,v2-0,csdiETCCDI,b1961-1990,ssp585,yr,2015-2100,r1i1p1f1,EC-Earth3,0.5,0.5
42,v2-0,csdiETCCDI,b1961-1990,ssp126,yr,2015-2100,r1i1p1f1,FGOALS-g3,0.5,0.5
43,v2-0,csdiETCCDI,b1961-1990,ssp245,yr,2015-2100,r1i1p1f1,FGOALS-g3,0.5,0.5
44,v2-0,csdiETCCDI,b1961-1990,ssp370,yr,2015-2100,r1i1p1f1,FGOALS-g3,0.5,0.5
45,v2-0,csdiETCCDI,b1961-1990,ssp585,yr,2015-2100,r1i1p1f1,FGOALS-g3,0.5,0.5
46,v2-0,csdiETCCDI,b1961-1990,historical,yr,1850-2014,r1i1p1f1,GFDL-CM4,0.5,0.5
47,v2-0,csdiETCCDI,b1961-1990,ssp245,yr,2015-2100,r1i1p1f1,GFDL-CM4,0.5,0.5
48,v2-0,csdiETCCDI,b1961-1990,ssp585,yr,2015-2100,r1i1p1f1,GFDL-CM4,0.5,0.5
49,v2-0,csdiETCCDI,b1961-1990,historical,yr,1850-2014,r1i1p1f1,GFDL-ESM4,0.5,0.5
50,v2-0,csdiETCCDI,b1961-1990,ssp126,yr,2015-2100,r1i1p1f1,GFDL-ESM4,0.5,0.5
51,v2-0,csdiETCCDI,b1961-1990,ssp245,yr,2015-2100,r1i1p1f1,GFDL-ESM4,0.5,0.5
52,v2-0,csdiETCCDI,b1961-1990,ssp370,yr,2015-2100,r1i1p1f1,GFDL-ESM4,0.5,0.5
53,v2-0,csdiETCCDI,b1961-1990,ssp585,yr,2015-2100,r1i1p1f1,GFDL-ESM4,0.5,0.5
54,v2-0,csdiETCCDI,b1961-1990,historical,yr,1850-2014,r1i1p1f3,HadGEM3-GC31-LL,0.5,0.5
55,v2-0,csdiETCCDI,b1961-1990,ssp126,yr,2015-2100,r1i1p1f3,HadGEM3-GC31-LL,0.5,0.5
56,v2-0,csdiETCCDI,b1961-1990,ssp245,yr,2015-2100,r1i1p1f3,HadGEM3-GC31-LL,0.5,0.5
57,v2-0,csdiETCCDI,b1961-1990,ssp585,yr,2015-2100,r1i1p1f3,HadGEM3-GC31-LL,0.5,0.5
58,v2-0,csdiETCCDI,b1961-1990,historical,yr,1850-2014,r1i1p1f3,HadGEM3-GC31-MM,0.5,0.5
59,v2-0,csdiETCCDI,b1961-1990,ssp126,yr,2015-2100,r1i1p1f3,HadGEM3-GC31-MM,0.5,0.5
60,v2-0,csdiETCCDI,b1961-1990,ssp585,yr,2015-2100,r1i1p1f3,HadGEM3-GC31-MM,0.5,0.5
61,v2-0,csdiETCCDI,b1961-1990,historical,yr,1850-2014,r1i1p1f1,INM-CM4-8,0.5,0.5
62,v2-0,csdiETCCDI,b1961-1990,ssp126,yr,2015-2100,r1i1p1f1,INM-CM4-8,0.5,0.5
63,v2-0,csdiETCCDI,b1961-1990,ssp245,yr,2015-2100,r1i1p1f1,INM-CM4-8,0.5,0.5
64,v2-0,csdiETCCDI,b1961-1990,ssp370,yr,2015-2100,r1i1p1f1,INM-CM4-8,0.5,0.5
65,v2-0,csdiETCCDI,b1961-1990,ssp585,yr,2015-2100,r1i1p1f1,INM-CM4-8,0.5,0.5
66,v2-0,csdiETCCDI,b1961-1990,historical,yr,1850-2014,r1i1p1f1,INM-CM5-0,0.5,0.5
67,v2-0,csdiETCCDI,b1961-1990,ssp126,yr,2015-2100,r1i1p1f1,INM-CM5-0,0.5,0.5
68,v2-0,csdiETCCDI,b1961-1990,ssp245,yr,2015-2100,r1i1p1f1,INM-CM5-0,0.5,0.5
69,v2-0,csdiETCCDI,b1961-1990,ssp370,yr,2015-2100,r1i1p1f1,INM-CM5-0,0.5,0.5
70,v2-0,csdiETCCDI,b1961-1990,ssp585,yr,2015-2100,r1i1p1f1,INM-CM5-0,0.5,0.5
71,v2-0,csdiETCCDI,b1961-1990,historical,yr,1850-2014,r1i1p1f1,KACE-1-0-G,0.5,0.5
72,v2-0,csdiETCCDI,b1961-1990,ssp126,yr,2015-2100,r1i1p1f1,KACE-1-0-G,0.5,0.5
73,v2-0,csdiETCCDI,b1961-1990,ssp245,yr,2015-2100,r1i1p1f1,KACE-1-0-G,0.5,0.5
74,v2-0,csdiETCCDI,b1961-1990,ssp370,yr,2015-2100,r1i1p1f1,KACE-1-0-G,0.5,0.5
75,v2-0,csdiETCCDI,b1961-1990,ssp585,yr,2015-2100,r1i1p1f1,KACE-1-0-G,0.5,0.5
76,v2-0,csdiETCCDI,b1961-1990,historical,yr,1850-2014,r1i1p1f1,KIOST-ESM,0.5,0.5
77,v2-0,csdiETCCDI,b1961-1990,ssp126,yr,2015-2100,r1i1p1f1,KIOST-ESM,0.5,0.5
78,v2-0,csdiETCCDI,b1961-1990,ssp245,yr,2015-2100,r1i1p1f1,KIOST-ESM,0.5,0.5
79,v2-0,csdiETCCDI,b1961-1990,ssp585,yr,2015-2100,r1i1p1f1,KIOST-ESM,0.5,0.5
80,v2-0,csdiETCCDI,b1961-1990,historical,yr,1850-2014,r1i1p1f2,MIROC-ES2L,0.5,0.5
81,v2-0,csdiETCCDI,b1961-1990,ssp126,yr,2015-2100,r1i1p1f2,MIROC-ES2L,0.5,0.5
82,v2-0,csdiETCCDI,b1961-1990,ssp245,yr,2015-2100,r1i1p1f2,MIROC-ES2L,0.5,0.5
83,v2-0,csdiETCCDI,b1961-1990,ssp370,yr,2015-2100,r1i1p1f2,MIROC-ES2L,0.5,0.5
84,v2-0,csdiETCCDI,b1961-1990,ssp585,yr,2015-2100,r1i1p1f2,MIROC-ES2L,0.5,0.5
85,v2-0,csdiETCCDI,b1961-1990,historical,yr,1850-2014,r1i1p1f1,MIROC6,0.5,0.5
86,v2-0,csdiETCCDI,b1961-1990,ssp126,yr,2015-2100,r1i1p1f1,MIROC6,0.5,0.5
87,v2-0,csdiETCCDI,b1961-1990,ssp245,yr,2015-2100,r1i1p1f1,MIROC6,0.5,0.5
88,v2-0,csdiETCCDI,b1961-1990,ssp370,yr,2015-2100,r1i1p1f1,MIROC6,0.5,0.5
89,v2-0,csdiETCCDI,b1961-1990,ssp585,yr,2015-2100,r1i1p1f1,MIROC6,0.5,0.5
90,v2-0,csdiETCCDI,b1961-1990,historical,yr,1850-2014,r1i1p1f1,MPI-ESM1-2-HR,0.5,0.5
91,v2-0,csdiETCCDI,b1961-1990,ssp126,yr,2015-2100,r1i1p1f1,MPI-ESM1-2-HR,0.5,0.5
92,v2-0,csdiETCCDI,b1961-1990,ssp245,yr,2015-2100,r1i1p1f1,MPI-ESM1-2-HR,0.5,0.5
93,v2-0,csdiETCCDI,b1961-1990,ssp370,yr,2015-2100,r1i1p1f1,MPI-ESM1-2-HR,0.5,0.5
94,v2-0,csdiETCCDI,b1961-1990,ssp585,yr,2015-2100,r1i1p1f1,MPI-ESM1-2-HR,0.5,0.5
95,v2-0,csdiETCCDI,b1961-1990,historical,yr,1850-2014,r1i1p1f1,MPI-ESM1-2-LR,0.5,0.5
96,v2-0,csdiETCCDI,b1961-1990,ssp126,yr,2015-2100,r1i1p1f1,MPI-ESM1-2-LR,0.5,0.5
97,v2-0,csdiETCCDI,b1961-1990,ssp245,yr,2015-2100,r1i1p1f1,MPI-ESM1-2-LR,0.5,0.5
98,v2-0,csdiETCCDI,b1961-1990,ssp370,yr,2015-2100,r1i1p1f1,MPI-ESM1-2-LR,0.5,0.5
99,v2-0,csdiETCCDI,b1961-1990,ssp585,yr,2015-2100,r1i1p1f1,MPI-ESM1-2-LR,0.5,0.5
100,v2-0,csdiETCCDI,b1961-1990,historical,yr,1850-2014,r1i1p1f1,MRI-ESM2-0,0.5,0.5
101,v2-0,csdiETCCDI,b1961-1990,ssp126,yr,2015-2100,r1i1p1f1,MRI-ESM2-0,0.5,0.5
102,v2-0,csdiETCCDI,b1961-1990,ssp245,yr,2015-2100,r1i1p1f1,MRI-ESM2-0,0.5,0.5
103,v2-0,csdiETCCDI,b1961-1990,ssp370,yr,2015-2100,r1i1p1f1,MRI-ESM2-0,0.5,0.5
104,v2-0,csdiETCCDI,b1961-1990,ssp585,yr,2015-2100,r1i1p1f1,MRI-ESM2-0,0.5,0.5
105,v2-0,csdiETCCDI,b1961-1990,historical,yr,1850-2014,r1i1p1f1,NESM3,0.5,0.5
106,v2-0,csdiETCCDI,b1961-1990,ssp126,yr,2015-2100,r1i1p1f1,NESM3,0.5,0.5
107,v2-0,csdiETCCDI,b1961-1990,ssp245,yr,2015-2100,r1i1p1f1,NESM3,0.5,0.5
108,v2-0,csdiETCCDI,b1961-1990,ssp585,yr,2015-2100,r1i1p1f1,NESM3,0.5,0.5
109,v2-0,csdiETCCDI,b1961-1990,ssp126,yr,2015-2100,r1i1p1f1,NorESM2-LM,0.5,0.5
110,v2-0,csdiETCCDI,b1961-1990,ssp245,yr,2015-2100,r1i1p1f1,NorESM2-LM,0.5,0.5
111,v2-0,csdiETCCDI,b1961-1990,ssp370,yr,2015-2100,r1i1p1f1,NorESM2-LM,0.5,0.5
112,v2-0,csdiETCCDI,b1961-1990,ssp585,yr,2015-2100,r1i1p1f1,NorESM2-LM,0.5,0.5
113,v2-0,csdiETCCDI,b1961-1990,historical,yr,1850-2014,r1i1p1f1,NorESM2-MM,0.5,0.5
114,v2-0,csdiETCCDI,b1961-1990,ssp126,yr,2015-2100,r1i1p1f1,NorESM2-MM,0.5,0.5
115,v2-0,csdiETCCDI,b1961-1990,ssp245,yr,2015-2100,r1i1p1f1,NorESM2-MM,0.5,0.5
116,v2-0,csdiETCCDI,b1961-1990,ssp370,yr,2015-2100,r1i1p1f1,NorESM2-MM,0.5,0.5
117,v2-0,csdiETCCDI,b1961-1990,ssp585,yr,2015-2100,r1i1p1f1,NorESM2-MM,0.5,0.5
118,v2-0,csdiETCCDI,b1961-1990,historical,yr,1850-2014,r1i1p1f2,UKESM1-0-LL,0.5,0.5
119,v2-0,csdiETCCDI,b1961-1990,ssp126,yr,2015-2100,r1i1p1f2,UKESM1-0-LL,0.5,0.5
120,v2-0,csdiETCCDI,b1961-1990,ssp245,yr,2015-2100,r1i1p1f2,UKESM1-0-LL,0.5,0.5
121,v2-0,csdiETCCDI,b1961-1990,ssp370,yr,2015-2100,r1i1p1f2,UKESM1-0-LL,0.5,0.5
122,v2-0,csdiETCCDI,b1961-1990,ssp585,yr,2015-2100,r1i1p1f2,UKESM1-0-LL,0.5,0.5
123,v2-0,r95pETCCDI,b1961-1990,historical,yr,1850-2014,r1i1p1f1,ACCESS-CM2,0.5,0.5
124,v2-0,r95pETCCDI,b1961-1990,ssp126,yr,2015-2100,r1i1p1f1,ACCESS-CM2,0.5,0.5
125,v2-0,r95pETCCDI,b1961-1990,ssp245,yr,2015-2100,r1i1p1f1,ACCESS-CM2,0.5,0.5
126,v2-0,r95pETCCDI,b1961-1990,ssp370,yr,2015-2100,r1i1p1f1,ACCESS-CM2,0.5,0.5
127,v2-0,r95pETCCDI,b1961-1990,ssp585,yr,2015-2100,r1i1p1f1,ACCESS-CM2,0.5,0.5
128,v2-0,r95pETCCDI,b1961-1990,historical,yr,1850-2014,r1i1p1f1,ACCESS-ESM1-5,0.5,0.5
129,v2-0,r95pETCCDI,b1961-1990,ssp126,yr,2015-2100,r1i1p1f1,ACCESS-ESM1-5,0.5,0.5
130,v2-0,r95pETCCDI,b1961-1990,ssp245,yr,2015-2100,r1i1p1f1,ACCESS-ESM1-5,0.5,0.5
131,v2-0,r95pETCCDI,b1961-1990,ssp370,yr,2015-2100,r1i1p1f1,ACCESS-ESM1-5,0.5,0.5
132,v2-0,r95pETCCDI,b1961-1990,ssp585,yr,2015-2100,r1i1p1f1,ACCESS-ESM1-5,0.5,0.5
133,v2-0,r95pETCCDI,b1961-1990,historical,yr,1850-2014,r1i1p1f1,BCC-CSM2-MR,0.5,0.5
134,v2-0,r95pETCCDI,b1961-1990,ssp126,yr,2015-2100,r1i1p1f1,BCC-CSM2-MR,0.5,0.5
135,v2-0,r95pETCCDI,b1961-1990,ssp245,yr,2015-2100,r1i1p1f1,BCC-CSM2-MR,0.5,0.5
136,v2-0,r95pETCCDI,b1961-1990,ssp370,yr,2015-2100,r1i1p1f1,BCC-CSM2-MR,0.5,0.5
137,v2-0,r95pETCCDI,b1961-1990,ssp585,yr,2015-2100,r1i1p1f1,BCC-CSM2-MR,0.5,0.5
138,v2-0,r95pETCCDI,b1961-1990,historical,yr,1850-2014,r1i1p1f2,CNRM-CM6-1-HR,0.5,0.5
139,v2-0,r95pETCCDI,b1961-1990,ssp126,yr,2015-2100,r1i1p1f2,CNRM-CM6-1-HR,0.5,0.5
140,v2-0,r95pETCCDI,b1961-1990,ssp585,yr,2015-2100,r1i1p1f2,CNRM-CM6-1-HR,0.5,0.5
141,v2-0,r95pETCCDI,b1961-1990,historical,yr,1850-2014,r1i1p1f2,CNRM-CM6-1,0.5,0.5
142,v2-0,r95pETCCDI,b1961-1990,ssp126,yr,2015-2100,r1i1p1f2,CNRM-CM6-1,0.5,0.5
143,v2-0,r95pETCCDI,b1961-1990,ssp245,yr,2015-2100,r1i1p1f2,CNRM-CM6-1,0.5,0.5
144,v2-0,r95pETCCDI,b1961-1990,ssp370,yr,2015-2100,r1i1p1f2,CNRM-CM6-1,0.5,0.5
145,v2-0,r95pETCCDI,b1961-1990,ssp585,yr,2015-2100,r1i1p1f2,CNRM-CM6-1,0.5,0.5
146,v2-0,r95pETCCDI,b1961-1990,historical,yr,1850-2014,r1i1p1f2,CNRM-ESM2-1,0.5,0.5
147,v2-0,r95pETCCDI,b1961-1990,ssp126,yr,2015-2100,r1i1p1f2,CNRM-ESM2-1,0.5,0.5
148,v2-0,r95pETCCDI,b1961-1990,ssp245,yr,2015-2100,r1i1p1f2,CNRM-ESM2-1,0.5,0.5
149,v2-0,r95pETCCDI,b1961-1990,ssp370,yr,2015-2100,r1i1p1f2,CNRM-ESM2-1,0.5,0.5
150,v2-0,r95pETCCDI,b1961-1990,ssp585,yr,2015-2100,r1i1p1f2,CNRM-ESM2-1,0.5,0.5
151,v2-0,r95pETCCDI,b1961-1990,historical,yr,1850-2014,r1i1p1f1,CanESM5,0.5,0.5
152,v2-0,r95pETCCDI,b1961-1990,ssp245,yr,2015-2100,r1i1p1f1,CanESM5,0.5,0.5
153,v2-0,r95pETCCDI,b1961-1990,ssp370,yr,2015-2100,r1i1p1f1,CanESM5,0.5,0.5
154,v2-0,r95pETCCDI,b1961-1990,ssp585,yr,2015-2100,r1i1p1f1,CanESM5,0.5,0.5
155,v2-0,r95pETCCDI,b1961-1990,historical,yr,1850-2014,r1i1p1f1,EC-Earth3-Veg,0.5,0.5
156,v2-0,r95pETCCDI,b1961-1990,ssp126,yr,2015-2100,r1i1p1f1,EC-Earth3-Veg,0.5,0.5
157,v2-0,r95pETCCDI,b1961-1990,ssp245,yr,2015-2100,r1i1p1f1,EC-Earth3-Veg,0.5,0.5
158,v2-0,r95pETCCDI,b1961-1990,ssp370,yr,2015-2100,r1i1p1f1,EC-Earth3-Veg,0.5,0.5
159,v2-0,r95pETCCDI,b1961-1990,ssp585,yr,2015-2100,r1i1p1f1,EC-Earth3-Veg,0.5,0.5
160,v2-0,r95pETCCDI,b1961-1990,historical,yr,1850-2014,r1i1p1f1,EC-Earth3,0.5,0.5
161,v2-0,r95pETCCDI,b1961-1990,ssp126,yr,2015-2100,r1i1p1f1,EC-Earth3,0.5,0.5
162,v2-0,r95pETCCDI,b1961-1990,ssp245,yr,2015-2100,r1i1p1f1,EC-Earth3,0.5,0.5
163,v2-0,r95pETCCDI,b1961-1990,ssp370,yr,2015-2100,r1i1p1f1,EC-Earth3,0.5,0.5
164,v2-0,r95pETCCDI,b1961-1990,ssp585,yr,2015-2100,r1i1p1f1,EC-Earth3,0.5,0.5
165,v2-0,r95pETCCDI,b1961-1990,ssp126,yr,2015-2100,r1i1p1f1,FGOALS-g3,0.5,0.5
166,v2-0,r95pETCCDI,b1961-1990,ssp245,yr,2015-2100,r1i1p1f1,FGOALS-g3,0.5,0.5
167,v2-0,r95pETCCDI,b1961-1990,ssp370,yr,2015-2100,r1i1p1f1,FGOALS-g3,0.5,0.5
168,v2-0,r95pETCCDI,b1961-1990,ssp585,yr,2015-2100,r1i1p1f1,FGOALS-g3,0.5,0.5
169,v2-0,r95pETCCDI,b1961-1990,historical,yr,1850-2014,r1i1p1f1,GFDL-CM4,0.5,0.5
170,v2-0,r95pETCCDI,b1961-1990,ssp245,yr,2015-2100,r1i1p1f1,GFDL-CM4,0.5,0.5
171,v2-0,r95pETCCDI,b1961-1990,ssp585,yr,2015-2100,r1i1p1f1,GFDL-CM4,0.5,0.5
172,v2-0,r95pETCCDI,b1961-1990,historical,yr,1850-2014,r1i1p1f1,GFDL-ESM4,0.5,0.5
173,v2-0,r95pETCCDI,b1961-1990,ssp126,yr,2015-2100,r1i1p1f1,GFDL-ESM4,0.5,0.5
174,v2-0,r95pETCCDI,b1961-1990,ssp245,yr,2015-2100,r1i1p1f1,GFDL-ESM4,0.5,0.5
175,v2-0,r95pETCCDI,b1961-1990,ssp370,yr,2015-2100,r1i1p1f1,GFDL-ESM4,0.5,0.5
176,v2-0,r95pETCCDI,b1961-1990,ssp585,yr,2015-2100,r1i1p1f1,GFDL-ESM4,0.5,0.5
177,v2-0,r95pETCCDI,b1961-1990,historical,yr,1850-2014,r1i1p1f3,HadGEM3-GC31-LL,0.5,0.5
178,v2-0,r95pETCCDI,b1961-1990,ssp126,yr,2015-2100,r1i1p1f3,HadGEM3-GC31-LL,0.5,0.5
179,v2-0,r95pETCCDI,b1961-1990,ssp245,yr,2015-2100,r1i1p1f3,HadGEM3-GC31-LL,0.5,0.5
180,v2-0,r95pETCCDI,b1961-1990,ssp585,yr,2015-2100,r1i1p1f3,HadGEM3-GC31-LL,0.5,0.5
181,v2-0,r95pETCCDI,b1961-1990,historical,yr,1850-2014,r1i1p1f3,HadGEM3-GC31-MM,0.5,0.5
182,v2-0,r95pETCCDI,b1961-1990,ssp126,yr,2015-2100,r1i1p1f3,HadGEM3-GC31-MM,0.5,0.5
183,v2-0,r95pETCCDI,b1961-1990,ssp585,yr,2015-2100,r1i1p1f3,HadGEM3-GC31-MM,0.5,0.5
184,v2-0,r95pETCCDI,b1961-1990,historical,yr,1850-2014,r1i1p1f1,INM-CM4-8,0.5,0.5
185,v2-0,r95pETCCDI,b1961-1990,ssp126,yr,2015-2100,r1i1p1f1,INM-CM4-8,0.5,0.5
186,v2-0,r95pETCCDI,b1961-1990,ssp245,yr,2015-2100,r1i1p1f1,INM-CM4-8,0.5,0.5
187,v2-0,r95pETCCDI,b1961-1990,ssp370,yr,2015-2100,r1i1p1f1,INM-CM4-8,0.5,0.5
188,v2-0,r95pETCCDI,b1961-1990,ssp585,yr,2015-2100,r1i1p1f1,INM-CM4-8,0.5,0.5
189,v2-0,r95pETCCDI,b1961-1990,historical,yr,1850-2014,r1i1p1f1,INM-CM5-0,0.5,0.5
190,v2-0,r95pETCCDI,b1961-1990,ssp126,yr,2015-2100,r1i1p1f1,INM-CM5-0,0.5,0.5
191,v2-0,r95pETCCDI,b1961-1990,ssp245,yr,2015-2100,r1i1p1f1,INM-CM5-0,0.5,0.5
192,v2-0,r95pETCCDI,b1961-1990,ssp370,yr,2015-2100,r1i1p1f1,INM-CM5-0,0.5,0.5
193,v2-0,r95pETCCDI,b1961-1990,ssp585,yr,2015-2100,r1i1p1f1,INM-CM5-0,0.5,0.5
194,v2-0,r95pETCCDI,b1961-1990,historical,yr,1850-2014,r1i1p1f1,KACE-1-0-G,0.5,0.5
195,v2-0,r95pETCCDI,b1961-1990,ssp126,yr,2015-2100,r1i1p1f1,KACE-1-0-G,0.5,0.5
196,v2-0,r95pETCCDI,b1961-1990,ssp245,yr,2015-2100,r1i1p1f1,KACE-1-0-G,0.5,0.5
197,v2-0,r95pETCCDI,b1961-1990,ssp370,yr,2015-2100,r1i1p1f1,KACE-1-0-G,0.5,0.5
198,v2-0,r95pETCCDI,b1961-1990,ssp585,yr,2015-2100,r1i1p1f1,KACE-1-0-G,0.5,0.5
199,v2-0,r95pETCCDI,b1961-1990,historical,yr,1850-2014,r1i1p1f1,KIOST-ESM,0.5,0.5
200,v2-0,r95pETCCDI,b1961-1990,ssp126,yr,2015-2100,r1i1p1f1,KIOST-ESM,0.5,0.5
201,v2-0,r95pETCCDI,b1961-1990,ssp245,yr,2015-2100,r1i1p1f1,KIOST-ESM,0.5,0.5
202,v2-0,r95pETCCDI,b1961-1990,ssp585,yr,2015-2100,r1i1p1f1,KIOST-ESM,0.5,0.5
203,v2-0,r95pETCCDI,b1961-1990,historical,yr,1850-2014,r1i1p1f2,MIROC-ES2L,0.5,0.5
204,v2-0,r95pETCCDI,b1961-1990,ssp126,yr,2015-2100,r1i1p1f2,MIROC-ES2L,0.5,0.5
205,v2-0,r95pETCCDI,b1961-1990,ssp245,yr,2015-2100,r1i1p1f2,MIROC-ES2L,0.5,0.5
206,v2-0,r95pETCCDI,b1961-1990,ssp370,yr,2015-2100,r1i1p1f2,MIROC-ES2L,0.5,0.5
207,v2-0,r95pETCCDI,b1961-1990,ssp585,yr,2015-2100,r1i1p1f2,MIROC-ES2L,0.5,0.5
208,v2-0,r95pETCCDI,b1961-1990,historical,yr,1850-2014,r1i1p1f1,MIROC6,0.5,0.5
209,v2-0,r95pETCCDI,b1961-1990,ssp126,yr,2015-2100,r1i1p1f1,MIROC6,0.5,0.5
210,v2-0,r95pETCCDI,b1961-1990,ssp245,yr,2015-2100,r1i1p1f1,MIROC6,0.5,0.5
211,v2-0,r95pETCCDI,b1961-1990,ssp370,yr,2015-2100,r1i1p1f1,MIROC6,0.5,0.5
212,v2-0,r95pETCCDI,b1961-1990,ssp585,yr,2015-2100,r1i1p1f1,MIROC6,0.5,0.5
213,v2-0,r95pETCCDI,b1961-1990,historical,yr,1850-2014,r1i1p1f1,MPI-ESM1-2-HR,0.5,0.5
214,v2-0,r95pETCCDI,b1961-1990,ssp126,yr,2015-2100,r1i1p1f1,MPI-ESM1-2-HR,0.5,0.5
215,v2-0,r95pETCCDI,b1961-1990,ssp245,yr,2015-2100,r1i1p1f1,MPI-ESM1-2-HR,0.5,0.5
216,v2-0,r95pETCCDI,b1961-1990,ssp370,yr,2015-2100,r1i1p1f1,MPI-ESM1-2-HR,0.5,0.5
217,v2-0,r95pETCCDI,b1961-1990,ssp585,yr,2015-2100,r1i1p1f1,MPI-ESM1-2-HR,0.5,0.5
218,v2-0,r95pETCCDI,b1961-1990,historical,yr,1850-2014,r1i1p1f1,MPI-ESM1-2-LR,0.5,0.5
219,v2-0,r95pETCCDI,b1961-1990,ssp126,yr,2015-2100,r1i1p1f1,MPI-ESM1-2-LR,0.5,0.5
220,v2-0,r95pETCCDI,b1961-1990,ssp245,yr,2015-2100,r1i1p1f1,MPI-ESM1-2-LR,0.5,0.5
221,v2-0,r95pETCCDI,b1961-1990,ssp370,yr,2015-2100,r1i1p1f1,MPI-ESM1-2-LR,0.5,0.5
222,v2-0,r95pETCCDI,b1961-1990,ssp585,yr,2015-2100,r1i1p1f1,MPI-ESM1-2-LR,0.5,0.5
223,v2-0,r95pETCCDI,b1961-1990,historical,yr,1850-2014,r1i1p1f1,MRI-ESM2-0,0.5,0.5
224,v2-0,r95pETCCDI,b1961-1990,ssp126,yr,2015-2100,r1i1p1f1,MRI-ESM2-0,0.5,0.5
225,v2-0,r95pETCCDI,b1961-1990,ssp245,yr,2015-2100,r1i1p1f1,MRI-ESM2-0,0.5,0.5
226,v2-0,r95pETCCDI,b1961-1990,ssp370,yr,2015-2100,r1i1p1f1,MRI-ESM2-0,0.5,0.5
227,v2-0,r95pETCCDI,b1961-1990,ssp585,yr,2015-2100,r1i1p1f1,MRI-ESM2-0,0.5,0.5
228,v2-0,r95pETCCDI,b1961-1990,historical,yr,1850-2014,r1i1p1f1,NESM3,0.5,0.5
229,v2-0,r95pETCCDI,b1961-1990,ssp126,yr,2015-2100,r1i1p1f1,NESM3,0.5,0.5
230,v2-0,r95pETCCDI,b1961-1990,ssp245,yr,2015-2100,r1i1p1f1,NESM3,0.5,0.5
231,v2-0,r95pETCCDI,b1961-1990,ssp585,yr,2015-2100,r1i1p1f1,NESM3,0.5,0.5
232,v2-0,r95pETCCDI,b1961-1990,historical,yr,1850-2014,r1i1p1f1,NorESM2-LM,0.5,0.5
233,v2-0,r95pETCCDI,b1961-1990,ssp126,yr,2015-2100,r1i1p1f1,NorESM2-LM,0.5,0.5
234,v2-0,r95pETCCDI,b1961-1990,ssp245,yr,2015-2100,r1i1p1f1,NorESM2-LM,0.5,0.5
235,v2-0,r95pETCCDI,b1961-1990,ssp370,yr,2015-2100,r1i1p1f1,NorESM2-LM,0.5,0.5
236,v2-0,r95pETCCDI,b1961-1990,ssp585,yr,2015-2100,r1i1p1f1,NorESM2-LM,0.5,0.5
237,v2-0,r95pETCCDI,b1961-1990,historical,yr,1850-2014,r1i1p1f1,NorESM2-MM,0.5,0.5
238,v2-0,r95pETCCDI,b1961-1990,ssp126,yr,2015-2100,r1i1p1f1,NorESM2-MM,0.5,0.5
239,v2-0,r95pETCCDI,b1961-1990,ssp245,yr,2015-2100,r1i1p1f1,NorESM2-MM,0.5,0.5
240,v2-0,r95pETCCDI,b1961-1990,ssp370,yr,2015-2100,r1i1p1f1,NorESM2-MM,0.5,0.5
241,v2-0,r95pETCCDI,b1961-1990,ssp585,yr,2015-2100,r1i1p1f1,NorESM2-MM,0.5,0.5
242,v2-0,r95pETCCDI,b1961-1990,historical,yr,1850-2014,r1i1p1f2,UKESM1-0-LL,0.5,0.5
243,v2-0,r95pETCCDI,b1961-1990,ssp126,yr,2015-2100,r1i1p1f2,UKESM1-0-LL,0.5,0.5
244,v2-0,r95pETCCDI,b1961-1990,ssp245,yr,2015-2100,r1i1p1f2,UKESM1-0-LL,0.5,0.5
245,v2-0,r95pETCCDI,b1961-1990,ssp370,yr,2015-2100,r1i1p1f2,UKESM1-0-LL,0.5,0.5
246,v2-0,r95pETCCDI,b1961-1990,ssp585,yr,2015-2100,r1i1p1f2,UKESM1-0-LL,0.5,0.5
247,v2-0,r99pETCCDI,b1961-1990,historical,yr,1850-2014,r1i1p1f1,ACCESS-CM2,0.5,0.5
248,v2-0,r99pETCCDI,b1961-1990,ssp126,yr,2015-2100,r1i1p1f1,ACCESS-CM2,0.5,0.5
249,v2-0,r99pETCCDI,b1961-1990,ssp245,yr,2015-2100,r1i1p1f1,ACCESS-CM2,0.5,0.5
250,v2-0,r99pETCCDI,b1961-1990,ssp370,yr,2015-2100,r1i1p1f1,ACCESS-CM2,0.5,0.5
251,v2-0,r99pETCCDI,b1961-1990,ssp585,yr,2015-2100,r1i1p1f1,ACCESS-CM2,0.5,0.5
252,v2-0,r99pETCCDI,b1961-1990,historical,yr,1850-2014,r1i1p1f1,ACCESS-ESM1-5,0.5,0.5
253,v2-0,r99pETCCDI,b1961-1990,ssp126,yr,2015-2100,r1i1p1f1,ACCESS-ESM1-5,0.5,0.5
254,v2-0,r99pETCCDI,b1961-1990,ssp245,yr,2015-2100,r1i1p1f1,ACCESS-ESM1-5,0.5,0.5
255,v2-0,r99pETCCDI,b1961-1990,ssp370,yr,2015-2100,r1i1p1f1,ACCESS-ESM1-5,0.5,0.5
256,v2-0,r99pETCCDI,b1961-1990,ssp585,yr,2015-2100,r1i1p1f1,ACCESS-ESM1-5,0.5,0.5
257,v2-0,r99pETCCDI,b1961-1990,historical,yr,1850-2014,r1i1p1f1,BCC-CSM2-MR,0.5,0.5
258,v2-0,r99pETCCDI,b1961-1990,ssp126,yr,2015-2100,r1i1p1f1,BCC-CSM2-MR,0.5,0.5
259,v2-0,r99pETCCDI,b1961-1990,ssp245,yr,2015-2100,r1i1p1f1,BCC-CSM2-MR,0.5,0.5
260,v2-0,r99pETCCDI,b1961-1990,ssp370,yr,2015-2100,r1i1p1f1,BCC-CSM2-MR,0.5,0.5
261,v2-0,r99pETCCDI,b1961-1990,ssp585,yr,2015-2100,r1i1p1f1,BCC-CSM2-MR,0.5,0.5
262,v2-0,r99pETCCDI,b1961-1990,historical,yr,1850-2014,r1i1p1f2,CNRM-CM6-1-HR,0.5,0.5
263,v2-0,r99pETCCDI,b1961-1990,ssp126,yr,2015-2100,r1i1p1f2,CNRM-CM6-1-HR,0.5,0.5
264,v2-0,r99pETCCDI,b1961-1990,ssp585,yr,2015-2100,r1i1p1f2,CNRM-CM6-1-HR,0.5,0.5
265,v2-0,r99pETCCDI,b1961-1990,historical,yr,1850-2014,r1i1p1f2,CNRM-CM6-1,0.5,0.5
266,v2-0,r99pETCCDI,b1961-1990,ssp126,yr,2015-2100,r1i1p1f2,CNRM-CM6-1,0.5,0.5
267,v2-0,r99pETCCDI,b1961-1990,ssp245,yr,2015-2100,r1i1p1f2,CNRM-CM6-1,0.5,0.5
268,v2-0,r99pETCCDI,b1961-1990,ssp370,yr,2015-2100,r1i1p1f2,CNRM-CM6-1,0.5,0.5
269,v2-0,r99pETCCDI,b1961-1990,ssp585,yr,2015-2100,r1i1p1f2,CNRM-CM6-1,0.5,0.5
270,v2-0,r99pETCCDI,b1961-1990,historical,yr,1850-2014,r1i1p1f2,CNRM-ESM2-1,0.5,0.5
271,v2-0,r99pETCCDI,b1961-1990,ssp126,yr,2015-2100,r1i1p1f2,CNRM-ESM2-1,0.5,0.5
272,v2-0,r99pETCCDI,b1961-1990,ssp245,yr,2015-2100,r1i1p1f2,CNRM-ESM2-1,0.5,0.5
273,v2-0,r99pETCCDI,b1961-1990,ssp370,yr,2015-2100,r1i1p1f2,CNRM-ESM2-1,0.5,0.5
274,v2-0,r99pETCCDI,b1961-1990,ssp585,yr,2015-2100,r1i1p1f2,CNRM-ESM2-1,0.5,0.5
275,v2-0,r99pETCCDI,b1961-1990,historical,yr,1850-2014,r1i1p1f1,CanESM5,0.5,0.5
276,v2-0,r99pETCCDI,b1961-1990,ssp245,yr,2015-2100,r1i1p1f1,CanESM5,0.5,0.5
277,v2-0,r99pETCCDI,b1961-1990,ssp370,yr,2015-2100,r1i1p1f1,CanESM5,0.5,0.5
278,v2-0,r99pETCCDI,b1961-1990,ssp585,yr,2015-2100,r1i1p1f1,CanESM5,0.5,0.5
279,v2-0,r99pETCCDI,b1961-1990,historical,yr,1850-2014,r1i1p1f1,EC-Earth3-Veg,0.5,0.5
280,v2-0,r99pETCCDI,b1961-1990,ssp126,yr,2015-2100,r1i1p1f1,EC-Earth3-Veg,0.5,0.5
281,v2-0,r99pETCCDI,b1961-1990,ssp245,yr,2015-2100,r1i1p1f1,EC-Earth3-Veg,0.5,0.5
282,v2-0,r99pETCCDI,b1961-1990,ssp370,yr,2015-2100,r1i1p1f1,EC-Earth3-Veg,0.5,0.5
283,v2-0,r99pETCCDI,b1961-1990,ssp585,yr,2015-2100,r1i1p1f1,EC-Earth3-Veg,0.5,0.5
284,v2-0,r99pETCCDI,b1961-1990,historical,yr,1850-2014,r1i1p1f1,EC-Earth3,0.5,0.5
285,v2-0,r99pETCCDI,b1961-1990,ssp126,yr,2015-2100,r1i1p1f1,EC-Earth3,0.5,0.5
286,v2-0,r99pETCCDI,b1961-1990,ssp245,yr,2015-2100,r1i1p1f1,EC-Earth3,0.5,0.5
287,v2-0,r99pETCCDI,b1961-1990,ssp370,yr,2015-2100,r1i1p1f1,EC-Earth3,0.5,0.5
288,v2-0,r99pETCCDI,b1961-1990,ssp585,yr,2015-2100,r1i1p1f1,EC-Earth3,0.5,0.5
289,v2-0,r99pETCCDI,b1961-1990,ssp126,yr,2015-2100,r1i1p1f1,FGOALS-g3,0.5,0.5
290,v2-0,r99pETCCDI,b1961-1990,ssp245,yr,2015-2100,r1i1p1f1,FGOALS-g3,0.5,0.5
291,v2-0,r99pETCCDI,b1961-1990,ssp370,yr,2015-2100,r1i1p1f1,FGOALS-g3,0.5,0.5
292,v2-0,r99pETCCDI,b1961-1990,ssp585,yr,2015-2100,r1i1p1f1,FGOALS-g3,0.5,0.5
293,v2-0,r99pETCCDI,b1961-1990,historical,yr,1850-2014,r1i1p1f1,GFDL-CM4,0.5,0.5
294,v2-0,r99pETCCDI,b1961-1990,ssp245,yr,2015-2100,r1i1p1f1,GFDL-CM4,0.5,0.5
295,v2-0,r99pETCCDI,b1961-1990,ssp585,yr,2015-2100,r1i1p1f1,GFDL-CM4,0.5,0.5
296,v2-0,r99pETCCDI,b1961-1990,historical,yr,1850-2014,r1i1p1f1,GFDL-ESM4,0.5,0.5
297,v2-0,r99pETCCDI,b1961-1990,ssp126,yr,2015-2100,r1i1p1f1,GFDL-ESM4,0.5,0.5
298,v2-0,r99pETCCDI,b1961-1990,ssp245,yr,2015-2100,r1i1p1f1,GFDL-ESM4,0.5,0.5
299,v2-0,r99pETCCDI,b1961-1990,ssp370,yr,2015-2100,r1i1p1f1,GFDL-ESM4,0.5,0.5
300,v2-0,r99pETCCDI,b1961-1990,ssp585,yr,2015-2100,r1i1p1f1,GFDL-ESM4,0.5,0.5
301,v2-0,r99pETCCDI,b1961-1990,historical,yr,1850-2014,r1i1p1f3,HadGEM3-GC31-LL,0.5,0.5
302,v2-0,r99pETCCDI,b1961-1990,ssp126,yr,2015-2100,r1i1p1f3,HadGEM3-GC31-LL,0.5,0.5
303,v2-0,r99pETCCDI,b1961-1990,ssp245,yr,2015-2100,r1i1p1f3,HadGEM3-GC31-LL,0.5,0.5
304,v2-0,r99pETCCDI,b1961-1990,ssp585,yr,2015-2100,r1i1p1f3,HadGEM3-GC31-LL,0.5,0.5
305,v2-0,r99pETCCDI,b1961-1990,historical,yr,1850-2014,r1i1p1f3,HadGEM3-GC31-MM,0.5,0.5
306,v2-0,r99pETCCDI,b1961-1990,ssp126,yr,2015-2100,r1i1p1f3,HadGEM3-GC31-MM,0.5,0.5
307,v2-0,r99pETCCDI,b1961-1990,ssp585,yr,2015-2100,r1i1p1f3,HadGEM3-GC31-MM,0.5,0.5
308,v2-0,r99pETCCDI,b1961-1990,historical,yr,1850-2014,r1i1p1f1,INM-CM4-8,0.5,0.5
309,v2-0,r99pETCCDI,b1961-1990,ssp126,yr,2015-2100,r1i1p1f1,INM-CM4-8,0.5,0.5
310,v2-0,r99pETCCDI,b1961-1990,ssp245,yr,2015-2100,r1i1p1f1,INM-CM4-8,0.5,0.5
311,v2-0,r99pETCCDI,b1961-1990,ssp370,yr,2015-2100,r1i1p1f1,INM-CM4-8,0.5,0.5
312,v2-0,r99pETCCDI,b1961-1990,ssp585,yr,2015-2100,r1i1p1f1,INM-CM4-8,0.5,0.5
313,v2-0,r99pETCCDI,b1961-1990,historical,yr,1850-2014,r1i1p1f1,INM-CM5-0,0.5,0.5
314,v2-0,r99pETCCDI,b1961-1990,ssp126,yr,2015-2100,r1i1p1f1,INM-CM5-0,0.5,0.5
315,v2-0,r99pETCCDI,b1961-1990,ssp245,yr,2015-2100,r1i1p1f1,INM-CM5-0,0.5,0.5
316,v2-0,r99pETCCDI,b1961-1990,ssp370,yr,2015-2100,r1i1p1f1,INM-CM5-0,0.5,0.5
317,v2-0,r99pETCCDI,b1961-1990,ssp585,yr,2015-2100,r1i1p1f1,INM-CM5-0,0.5,0.5
318,v2-0,r99pETCCDI,b1961-1990,historical,yr,1850-2014,r1i1p1f1,KACE-1-0-G,0.5,0.5
319,v2-0,r99pETCCDI,b1961-1990,ssp126,yr,2015-2100,r1i1p1f1,KACE-1-0-G,0.5,0.5
320,v2-0,r99pETCCDI,b1961-1990,ssp245,yr,2015-2100,r1i1p1f1,KACE-1-0-G,0.5,0.5
321,v2-0,r99pETCCDI,b1961-1990,ssp370,yr,2015-2100,r1i1p1f1,KACE-1-0-G,0.5,0.5
322,v2-0,r99pETCCDI,b1961-1990,ssp585,yr,2015-2100,r1i1p1f1,KACE-1-0-G,0.5,0.5
323,v2-0,r99pETCCDI,b1961-1990,historical,yr,1850-2014,r1i1p1f1,KIOST-ESM,0.5,0.5
324,v2-0,r99pETCCDI,b1961-1990,ssp126,yr,2015-2100,r1i1p1f1,KIOST-ESM,0.5,0.5
325,v2-0,r99pETCCDI,b1961-1990,ssp245,yr,2015-2100,r1i1p1f1,KIOST-ESM,0.5,0.5
326,v2-0,r99pETCCDI,b1961-1990,ssp585,yr,2015-2100,r1i1p1f1,KIOST-ESM,0.5,0.5
327,v2-0,r99pETCCDI,b1961-1990,historical,yr,1850-2014,r1i1p1f2,MIROC-ES2L,0.5,0.5
328,v2-0,r99pETCCDI,b1961-1990,ssp126,yr,2015-2100,r1i1p1f2,MIROC-ES2L,0.5,0.5
329,v2-0,r99pETCCDI,b1961-1990,ssp245,yr,2015-2100,r1i1p1f2,MIROC-ES2L,0.5,0.5
330,v2-0,r99pETCCDI,b1961-1990,ssp370,yr,2015-2100,r1i1p1f2,MIROC-ES2L,0.5,0.5
331,v2-0,r99pETCCDI,b1961-1990,ssp585,yr,2015-2100,r1i1p1f2,MIROC-ES2L,0.5,0.5
332,v2-0,r99pETCCDI,b1961-1990,historical,yr,1850-2014,r1i1p1f1,MIROC6,0.5,0.5
333,v2-0,r99pETCCDI,b1961-1990,ssp126,yr,2015-2100,r1i1p1f1,MIROC6,0.5,0.5
334,v2-0,r99pETCCDI,b1961-1990,ssp245,yr,2015-2100,r1i1p1f1,MIROC6,0.5,0.5
335,v2-0,r99pETCCDI,b1961-1990,ssp370,yr,2015-2100,r1i1p1f1,MIROC6,0.5,0.5
336,v2-0,r99pETCCDI,b1961-1990,ssp585,yr,2015-2100,r1i1p1f1,MIROC6,0.5,0.5
337,v2-0,r99pETCCDI,b1961-1990,historical,yr,1850-2014,r1i1p1f1,MPI-ESM1-2-HR,0.5,0.5
338,v2-0,r99pETCCDI,b1961-1990,ssp126,yr,2015-2100,r1i1p1f1,MPI-ESM1-2-HR,0.5,0.5
339,v2-0,r99pETCCDI,b1961-1990,ssp245,yr,2015-2100,r1i1p1f1,MPI-ESM1-2-HR,0.5,0.5
340,v2-0,r99pETCCDI,b1961-1990,ssp370,yr,2015-2100,r1i1p1f1,MPI-ESM1-2-HR,0.5,0.5
341,v2-0,r99pETCCDI,b1961-1990,ssp585,yr,2015-2100,r1i1p1f1,MPI-ESM1-2-HR,0.5,0.5
342,v2-0,r99pETCCDI,b1961-1990,historical,yr,1850-2014,r1i1p1f1,MPI-ESM1-2-LR,0.5,0.5
343,v2-0,r99pETCCDI,b1961-1990,ssp126,yr,2015-2100,r1i1p1f1,MPI-ESM1-2-LR,0.5,0.5
344,v2-0,r99pETCCDI,b1961-1990,ssp245,yr,2015-2100,r1i1p1f1,MPI-ESM1-2-LR,0.5,0.5
345,v2-0,r99pETCCDI,b1961-1990,ssp370,yr,2015-2100,r1i1p1f1,MPI-ESM1-2-LR,0.5,0.5
346,v2-0,r99pETCCDI,b1961-1990,ssp585,yr,2015-2100,r1i1p1f1,MPI-ESM1-2-LR,0.5,0.5
347,v2-0,r99pETCCDI,b1961-1990,historical,yr,1850-2014,r1i1p1f1,MRI-ESM2-0,0.5,0.5
348,v2-0,r99pETCCDI,b1961-1990,ssp126,yr,2015-2100,r1i1p1f1,MRI-ESM2-0,0.5,0.5
349,v2-0,r99pETCCDI,b1961-1990,ssp245,yr,2015-2100,r1i1p1f1,MRI-ESM2-0,0.5,0.5
350,v2-0,r99pETCCDI,b1961-1990,ssp370,yr,2015-2100,r1i1p1f1,MRI-ESM2-0,0.5,0.5
351,v2-0,r99pETCCDI,b1961-1990,ssp585,yr,2015-2100,r1i1p1f1,MRI-ESM2-0,0.5,0.5
352,v2-0,r99pETCCDI,b1961-1990,historical,yr,1850-2014,r1i1p1f1,NESM3,0.5,0.5
353,v2-0,r99pETCCDI,b1961-1990,ssp126,yr,2015-2100,r1i1p1f1,NESM3,0.5,0.5
354,v2-0,r99pETCCDI,b1961-1990,ssp245,yr,2015-2100,r1i1p1f1,NESM3,0.5,0.5
355,v2-0,r99pETCCDI,b1961-1990,ssp585,yr,2015-2100,r1i1p1f1,NESM3,0.5,0.5
356,v2-0,r99pETCCDI,b1961-1990,historical,yr,1850-2014,r1i1p1f1,NorESM2-LM,0.5,0.5
357,v2-0,r99pETCCDI,b1961-1990,ssp126,yr,2015-2100,r1i1p1f1,NorESM2-LM,0.5,0.5
358,v2-0,r99pETCCDI,b1961-1990,ssp245,yr,2015-2100,r1i1p1f1,NorESM2-LM,0.5,0.5
359,v2-0,r99pETCCDI,b1961-1990,ssp370,yr,2015-2100,r1i1p1f1,NorESM2-LM,0.5,0.5
360,v2-0,r99pETCCDI,b1961-1990,ssp585,yr,2015-2100,r1i1p1f1,NorESM2-LM,0.5,0.5
361,v2-0,r99pETCCDI,b1961-1990,historical,yr,1850-2014,r1i1p1f1,NorESM2-MM,0.5,0.5
362,v2-0,r99pETCCDI,b1961-1990,ssp126,yr,2015-2100,r1i1p1f1,NorESM2-MM,0.5,0.5
363,v2-0,r99pETCCDI,b1961-1990,ssp245,yr,2015-2100,r1i1p1f1,NorESM2-MM,0.5,0.5
364,v2-0,r99pETCCDI,b1961-1990,ssp370,yr,2015-2100,r1i1p1f1,NorESM2-MM,0.5,0.5
365,v2-0,r99pETCCDI,b1961-1990,ssp585,yr,2015-2100,r1i1p1f1,NorESM2-MM,0.5,0.5
366,v2-0,r99pETCCDI,b1961-1990,historical,yr,1850-2014,r1i1p1f2,UKESM1-0-LL,0.5,0.5
367,v2-0,r99pETCCDI,b1961-1990,ssp126,yr,2015-2100,r1i1p1f2,UKESM1-0-LL,0.5,0.5
368,v2-0,r99pETCCDI,b1961-1990,ssp245,yr,2015-2100,r1i1p1f2,UKESM1-0-LL,0.5,0.5
369,v2-0,r99pETCCDI,b1961-1990,ssp370,yr,2015-2100,r1i1p1f2,UKESM1-0-LL,0.5,0.5
370,v2-0,r99pETCCDI,b1961-1990,ssp585,yr,2015-2100,r1i1p1f2,UKESM1-0-LL,0.5,0.5
371,v2-0,tn10pETCCDI,b1961-1990,historical,yr,1850-2014,r1i1p1f1,ACCESS-CM2,0.5,0.5
372,v2-0,tn10pETCCDI,b1961-1990,ssp126,yr,2015-2100,r1i1p1f1,ACCESS-CM2,0.5,0.5
373,v2-0,tn10pETCCDI,b1961-1990,ssp245,yr,2015-2100,r1i1p1f1,ACCESS-CM2,0.5,0.5
374,v2-0,tn10pETCCDI,b1961-1990,ssp370,yr,2015-2100,r1i1p1f1,ACCESS-CM2,0.5,0.5
375,v2-0,tn10pETCCDI,b1961-1990,ssp585,yr,2015-2100,r1i1p1f1,ACCESS-CM2,0.5,0.5
376,v2-0,tn10pETCCDI,b1961-1990,historical,yr,1850-2014,r1i1p1f1,ACCESS-ESM1-5,0.5,0.5
377,v2-0,tn10pETCCDI,b1961-1990,ssp126,yr,2015-2100,r1i1p1f1,ACCESS-ESM1-5,0.5,0.5
378,v2-0,tn10pETCCDI,b1961-1990,ssp245,yr,2015-2100,r1i1p1f1,ACCESS-ESM1-5,0.5,0.5
379,v2-0,tn10pETCCDI,b1961-1990,ssp370,yr,2015-2100,r1i1p1f1,ACCESS-ESM1-5,0.5,0.5
380,v2-0,tn10pETCCDI,b1961-1990,ssp585,yr,2015-2100,r1i1p1f1,ACCESS-ESM1-5,0.5,0.5
381,v2-0,tn10pETCCDI,b1961-1990,historical,yr,1850-2014,r1i1p1f1,BCC-CSM2-MR,0.5,0.5
382,v2-0,tn10pETCCDI,b1961-1990,ssp126,yr,2015-2100,r1i1p1f1,BCC-CSM2-MR,0.5,0.5
383,v2-0,tn10pETCCDI,b1961-1990,ssp245,yr,2015-2100,r1i1p1f1,BCC-CSM2-MR,0.5,0.5
384,v2-0,tn10pETCCDI,b1961-1990,ssp370,yr,2015-2100,r1i1p1f1,BCC-CSM2-MR,0.5,0.5
385,v2-0,tn10pETCCDI,b1961-1990,ssp585,yr,2015-2100,r1i1p1f1,BCC-CSM2-MR,0.5,0.5
386,v2-0,tn10pETCCDI,b1961-1990,historical,yr,1850-2014,r1i1p1f2,CNRM-CM6-1-HR,0.5,0.5
387,v2-0,tn10pETCCDI,b1961-1990,ssp126,yr,2015-2100,r1i1p1f2,CNRM-CM6-1-HR,0.5,0.5
388,v2-0,tn10pETCCDI,b1961-1990,ssp585,yr,2015-2100,r1i1p1f2,CNRM-CM6-1-HR,0.5,0.5
389,v2-0,tn10pETCCDI,b1961-1990,historical,yr,1850-2014,r1i1p1f2,CNRM-CM6-1,0.5,0.5
390,v2-0,tn10pETCCDI,b1961-1990,ssp126,yr,2015-2100,r1i1p1f2,CNRM-CM6-1,0.5,0.5
391,v2-0,tn10pETCCDI,b1961-1990,ssp245,yr,2015-2100,r1i1p1f2,CNRM-CM6-1,0.5,0.5
392,v2-0,tn10pETCCDI,b1961-1990,ssp370,yr,2015-2100,r1i1p1f2,CNRM-CM6-1,0.5,0.5
393,v2-0,tn10pETCCDI,b1961-1990,ssp585,yr,2015-2100,r1i1p1f2,CNRM-CM6-1,0.5,0.5
394,v2-0,tn10pETCCDI,b1961-1990,historical,yr,1850-2014,r1i1p1f2,CNRM-ESM2-1,0.5,0.5
395,v2-0,tn10pETCCDI,b1961-1990,ssp126,yr,2015-2100,r1i1p1f2,CNRM-ESM2-1,0.5,0.5
396,v2-0,tn10pETCCDI,b1961-1990,ssp245,yr,2015-2100,r1i1p1f2,CNRM-ESM2-1,0.5,0.5
397,v2-0,tn10pETCCDI,b1961-1990,ssp370,yr,2015-2100,r1i1p1f2,CNRM-ESM2-1,0.5,0.5
398,v2-0,tn10pETCCDI,b1961-1990,ssp585,yr,2015-2100,r1i1p1f2,CNRM-ESM2-1,0.5,0.5
399,v2-0,tn10pETCCDI,b1961-1990,historical,yr,1850-2014,r1i1p1f1,CanESM5,0.5,0.5
400,v2-0,tn10pETCCDI,b1961-1990,ssp245,yr,2015-2100,r1i1p1f1,CanESM5,0.5,0.5
401,v2-0,tn10pETCCDI,b1961-1990,ssp370,yr,2015-2100,r1i1p1f1,CanESM5,0.5,0.5
402,v2-0,tn10pETCCDI,b1961-1990,ssp585,yr,2015-2100,r1i1p1f1,CanESM5,0.5,0.5
403,v2-0,tn10pETCCDI,b1961-1990,historical,yr,1850-2014,r1i1p1f1,EC-Earth3-Veg,0.5,0.5
404,v2-0,tn10pETCCDI,b1961-1990,ssp126,yr,2015-2100,r1i1p1f1,EC-Earth3-Veg,0.5,0.5
405,v2-0,tn10pETCCDI,b1961-1990,ssp245,yr,2015-2100,r1i1p1f1,EC-Earth3-Veg,0.5,0.5
406,v2-0,tn10pETCCDI,b1961-1990,ssp370,yr,2015-2100,r1i1p1f1,EC-Earth3-Veg,0.5,0.5
407,v2-0,tn10pETCCDI,b1961-1990,ssp585,yr,2015-2100,r1i1p1f1,EC-Earth3-Veg,0.5,0.5
408,v2-0,tn10pETCCDI,b1961-1990,historical,yr,1850-2014,r1i1p1f1,EC-Earth3,0.5,0.5
409,v2-0,tn10pETCCDI,b1961-1990,ssp126,yr,2015-2100,r1i1p1f1,EC-Earth3,0.5,0.5
410,v2-0,tn10pETCCDI,b1961-1990,ssp245,yr,2015-2100,r1i1p1f1,EC-Earth3,0.5,0.5
411,v2-0,tn10pETCCDI,b1961-1990,ssp370,yr,2015-2100,r1i1p1f1,EC-Earth3,0.5,0.5
412,v2-0,tn10pETCCDI,b1961-1990,ssp585,yr,2015-2100,r1i1p1f1,EC-Earth3,0.5,0.5
413,v2-0,tn10pETCCDI,b1961-1990,ssp126,yr,2015-2100,r1i1p1f1,FGOALS-g3,0.5,0.5
414,v2-0,tn10pETCCDI,b1961-1990,ssp245,yr,2015-2100,r1i1p1f1,FGOALS-g3,0.5,0.5
415,v2-0,tn10pETCCDI,b1961-1990,ssp370,yr,2015-2100,r1i1p1f1,FGOALS-g3,0.5,0.5
416,v2-0,tn10pETCCDI,b1961-1990,ssp585,yr,2015-2100,r1i1p1f1,FGOALS-g3,0.5,0.5
417,v2-0,tn10pETCCDI,b1961-1990,historical,yr,1850-2014,r1i1p1f1,GFDL-CM4,0.5,0.5
418,v2-0,tn10pETCCDI,b1961-1990,ssp245,yr,2015-2100,r1i1p1f1,GFDL-CM4,0.5,0.5
419,v2-0,tn10pETCCDI,b1961-1990,ssp585,yr,2015-2100,r1i1p1f1,GFDL-CM4,0.5,0.5
420,v2-0,tn10pETCCDI,b1961-1990,historical,yr,1850-2014,r1i1p1f1,GFDL-ESM4,0.5,0.5
421,v2-0,tn10pETCCDI,b1961-1990,ssp126,yr,2015-2100,r1i1p1f1,GFDL-ESM4,0.5,0.5
422,v2-0,tn10pETCCDI,b1961-1990,ssp245,yr,2015-2100,r1i1p1f1,GFDL-ESM4,0.5,0.5
423,v2-0,tn10pETCCDI,b1961-1990,ssp370,yr,2015-2100,r1i1p1f1,GFDL-ESM4,0.5,0.5
424,v2-0,tn10pETCCDI,b1961-1990,ssp585,yr,2015-2100,r1i1p1f1,GFDL-ESM4,0.5,0.5
425,v2-0,tn10pETCCDI,b1961-1990,historical,yr,1850-2014,r1i1p1f3,HadGEM3-GC31-LL,0.5,0.5
426,v2-0,tn10pETCCDI,b1961-1990,ssp126,yr,2015-2100,r1i1p1f3,HadGEM3-GC31-LL,0.5,0.5
427,v2-0,tn10pETCCDI,b1961-1990,ssp245,yr,2015-2100,r1i1p1f3,HadGEM3-GC31-LL,0.5,0.5
428,v2-0,tn10pETCCDI,b1961-1990,ssp585,yr,2015-2100,r1i1p1f3,HadGEM3-GC31-LL,0.5,0.5
429,v2-0,tn10pETCCDI,b1961-1990,historical,yr,1850-2014,r1i1p1f3,HadGEM3-GC31-MM,0.5,0.5
430,v2-0,tn10pETCCDI,b1961-1990,ssp126,yr,2015-2100,r1i1p1f3,HadGEM3-GC31-MM,0.5,0.5
431,v2-0,tn10pETCCDI,b1961-1990,ssp585,yr,2015-2100,r1i1p1f3,HadGEM3-GC31-MM,0.5,0.5
432,v2-0,tn10pETCCDI,b1961-1990,historical,yr,1850-2014,r1i1p1f1,INM-CM4-8,0.5,0.5
433,v2-0,tn10pETCCDI,b1961-1990,ssp126,yr,2015-2100,r1i1p1f1,INM-CM4-8,0.5,0.5
434,v2-0,tn10pETCCDI,b1961-1990,ssp245,yr,2015-2100,r1i1p1f1,INM-CM4-8,0.5,0.5
435,v2-0,tn10pETCCDI,b1961-1990,ssp370,yr,2015-2100,r1i1p1f1,INM-CM4-8,0.5,0.5
436,v2-0,tn10pETCCDI,b1961-1990,ssp585,yr,2015-2100,r1i1p1f1,INM-CM4-8,0.5,0.5
437,v2-0,tn10pETCCDI,b1961-1990,historical,yr,1850-2014,r1i1p1f1,INM-CM5-0,0.5,0.5
438,v2-0,tn10pETCCDI,b1961-1990,ssp126,yr,2015-2100,r1i1p1f1,INM-CM5-0,0.5,0.5
439,v2-0,tn10pETCCDI,b1961-1990,ssp245,yr,2015-2100,r1i1p1f1,INM-CM5-0,0.5,0.5
440,v2-0,tn10pETCCDI,b1961-1990,ssp370,yr,2015-2100,r1i1p1f1,INM-CM5-0,0.5,0.5
441,v2-0,tn10pETCCDI,b1961-1990,ssp585,yr,2015-2100,r1i1p1f1,INM-CM5-0,0.5,0.5
442,v2-0,tn10pETCCDI,b1961-1990,historical,yr,1850-2014,r1i1p1f1,KACE-1-0-G,0.5,0.5
443,v2-0,tn10pETCCDI,b1961-1990,ssp126,yr,2015-2100,r1i1p1f1,KACE-1-0-G,0.5,0.5
444,v2-0,tn10pETCCDI,b1961-1990,ssp245,yr,2015-2100,r1i1p1f1,KACE-1-0-G,0.5,0.5
445,v2-0,tn10pETCCDI,b1961-1990,ssp370,yr,2015-2100,r1i1p1f1,KACE-1-0-G,0.5,0.5
446,v2-0,tn10pETCCDI,b1961-1990,ssp585,yr,2015-2100,r1i1p1f1,KACE-1-0-G,0.5,0.5
447,v2-0,tn10pETCCDI,b1961-1990,historical,yr,1850-2014,r1i1p1f1,KIOST-ESM,0.5,0.5
448,v2-0,tn10pETCCDI,b1961-1990,ssp126,yr,2015-2100,r1i1p1f1,KIOST-ESM,0.5,0.5
449,v2-0,tn10pETCCDI,b1961-1990,ssp245,yr,2015-2100,r1i1p1f1,KIOST-ESM,0.5,0.5
450,v2-0,tn10pETCCDI,b1961-1990,ssp585,yr,2015-2100,r1i1p1f1,KIOST-ESM,0.5,0.5
451,v2-0,tn10pETCCDI,b1961-1990,historical,yr,1850-2014,r1i1p1f2,MIROC-ES2L,0.5,0.5
452,v2-0,tn10pETCCDI,b1961-1990,ssp126,yr,2015-2100,r1i1p1f2,MIROC-ES2L,0.5,0.5
453,v2-0,tn10pETCCDI,b1961-1990,ssp245,yr,2015-2100,r1i1p1f2,MIROC-ES2L,0.5,0.5
454,v2-0,tn10pETCCDI,b1961-1990,ssp370,yr,2015-2100,r1i1p1f2,MIROC-ES2L,0.5,0.5
455,v2-0,tn10pETCCDI,b1961-1990,ssp585,yr,2015-2100,r1i1p1f2,MIROC-ES2L,0.5,0.5
456,v2-0,tn10pETCCDI,b1961-1990,historical,yr,1850-2014,r1i1p1f1,MIROC6,0.5,0.5
457,v2-0,tn10pETCCDI,b1961-1990,ssp126,yr,2015-2100,r1i1p1f1,MIROC6,0.5,0.5
458,v2-0,tn10pETCCDI,b1961-1990,ssp245,yr,2015-2100,r1i1p1f1,MIROC6,0.5,0.5
459,v2-0,tn10pETCCDI,b1961-1990,ssp370,yr,2015-2100,r1i1p1f1,MIROC6,0.5,0.5
460,v2-0,tn10pETCCDI,b1961-1990,ssp585,yr,2015-2100,r1i1p1f1,MIROC6,0.5,0.5
461,v2-0,tn10pETCCDI,b1961-1990,historical,yr,1850-2014,r1i1p1f1,MPI-ESM1-2-HR,0.5,0.5
462,v2-0,tn10pETCCDI,b1961-1990,ssp126,yr,2015-2100,r1i1p1f1,MPI-ESM1-2-HR,0.5,0.5
463,v2-0,tn10pETCCDI,b1961-1990,ssp245,yr,2015-2100,r1i1p1f1,MPI-ESM1-2-HR,0.5,0.5
464,v2-0,tn10pETCCDI,b1961-1990,ssp370,yr,2015-2100,r1i1p1f1,MPI-ESM1-2-HR,0.5,0.5
465,v2-0,tn10pETCCDI,b1961-1990,ssp585,yr,2015-2100,r1i1p1f1,MPI-ESM1-2-HR,0.5,0.5
466,v2-0,tn10pETCCDI,b1961-1990,historical,yr,1850-2014,r1i1p1f1,MPI-ESM1-2-LR,0.5,0.5
467,v2-0,tn10pETCCDI,b1961-1990,ssp126,yr,2015-2100,r1i1p1f1,MPI-ESM1-2-LR,0.5,0.5
468,v2-0,tn10pETCCDI,b1961-1990,ssp245,yr,2015-2100,r1i1p1f1,MPI-ESM1-2-LR,0.5,0.5
469,v2-0,tn10pETCCDI,b1961-1990,ssp370,yr,2015-2100,r1i1p1f1,MPI-ESM1-2-LR,0.5,0.5
470,v2-0,tn10pETCCDI,b1961-1990,ssp585,yr,2015-2100,r1i1p1f1,MPI-ESM1-2-LR,0.5,0.5
471,v2-0,tn10pETCCDI,b1961-1990,historical,yr,1850-2014,r1i1p1f1,MRI-ESM2-0,0.5,0.5
472,v2-0,tn10pETCCDI,b1961-1990,ssp126,yr,2015-2100,r1i1p1f1,MRI-ESM2-0,0.5,0.5
473,v2-0,tn10pETCCDI,b1961-1990,ssp245,yr,2015-2100,r1i1p1f1,MRI-ESM2-0,0.5,0.5
474,v2-0,tn10pETCCDI,b1961-1990,ssp370,yr,2015-2100,r1i1p1f1,MRI-ESM2-0,0.5,0.5
475,v2-0,tn10pETCCDI,b1961-1990,ssp585,yr,2015-2100,r1i1p1f1,MRI-ESM2-0,0.5,0.5
476,v2-0,tn10pETCCDI,b1961-1990,historical,yr,1850-2014,r1i1p1f1,NESM3,0.5,0.5
477,v2-0,tn10pETCCDI,b1961-1990,ssp126,yr,2015-2100,r1i1p1f1,NESM3,0.5,0.5
478,v2-0,tn10pETCCDI,b1961-1990,ssp245,yr,2015-2100,r1i1p1f1,NESM3,0.5,0.5
479,v2-0,tn10pETCCDI,b1961-1990,ssp585,yr,2015-2100,r1i1p1f1,NESM3,0.5,0.5
480,v2-0,tn10pETCCDI,b1961-1990,ssp126,yr,2015-2100,r1i1p1f1,NorESM2-LM,0.5,0.5
481,v2-0,tn10pETCCDI,b1961-1990,ssp245,yr,2015-2100,r1i1p1f1,NorESM2-LM,0.5,0.5
482,v2-0,tn10pETCCDI,b1961-1990,ssp370,yr,2015-2100,r1i1p1f1,NorESM2-LM,0.5,0.5
483,v2-0,tn10pETCCDI,b1961-1990,ssp585,yr,2015-2100,r1i1p1f1,NorESM2-LM,0.5,0.5
484,v2-0,tn10pETCCDI,b1961-1990,historical,yr,1850-2014,r1i1p1f1,NorESM2-MM,0.5,0.5
485,v2-0,tn10pETCCDI,b1961-1990,ssp126,yr,2015-2100,r1i1p1f1,NorESM2-MM,0.5,0.5
486,v2-0,tn10pETCCDI,b1961-1990,ssp245,yr,2015-2100,r1i1p1f1,NorESM2-MM,0.5,0.5
487,v2-0,tn10pETCCDI,b1961-1990,ssp370,yr,2015-2100,r1i1p1f1,NorESM2-MM,0.5,0.5
488,v2-0,tn10pETCCDI,b1961-1990,ssp585,yr,2015-2100,r1i1p1f1,NorESM2-MM,0.5,0.5
489,v2-0,tn10pETCCDI,b1961-1990,historical,yr,1850-2014,r1i1p1f2,UKESM1-0-LL,0.5,0.5
490,v2-0,tn10pETCCDI,b1961-1990,ssp126,yr,2015-2100,r1i1p1f2,UKESM1-0-LL,0.5,0.5
491,v2-0,tn10pETCCDI,b1961-1990,ssp245,yr,2015-2100,r1i1p1f2,UKESM1-0-LL,0.5,0.5
492,v2-0,tn10pETCCDI,b1961-1990,ssp370,yr,2015-2100,r1i1p1f2,UKESM1-0-LL,0.5,0.5
493,v2-0,tn10pETCCDI,b1961-1990,ssp585,yr,2015-2100,r1i1p1f2,UKESM1-0-LL,0.5,0.5
494,v2-0,tn90pETCCDI,b1961-1990,historical,yr,1850-2014,r1i1p1f1,ACCESS-CM2,0.5,0.5
495,v2-0,tn90pETCCDI,b1961-1990,ssp126,yr,2015-2100,r1i1p1f1,ACCESS-CM2,0.5,0.5
496,v2-0,tn90pETCCDI,b1961-1990,ssp245,yr,2015-2100,r1i1p1f1,ACCESS-CM2,0.5,0.5
497,v2-0,tn90pETCCDI,b1961-1990,ssp370,yr,2015-2100,r1i1p1f1,ACCESS-CM2,0.5,0.5
498,v2-0,tn90pETCCDI,b1961-1990,ssp585,yr,2015-2100,r1i1p1f1,ACCESS-CM2,0.5,0.5
499,v2-0,tn90pETCCDI,b1961-1990,historical,yr,1850-2014,r1i1p1f1,ACCESS-ESM1-5,0.5,0.5
500,v2-0,tn90pETCCDI,b1961-1990,ssp126,yr,2015-2100,r1i1p1f1,ACCESS-ESM1-5,0.5,0.5
501,v2-0,tn90pETCCDI,b1961-1990,ssp245,yr,2015-2100,r1i1p1f1,ACCESS-ESM1-5,0.5,0.5
502,v2-0,tn90pETCCDI,b1961-1990,ssp370,yr,2015-2100,r1i1p1f1,ACCESS-ESM1-5,0.5,0.5
503,v2-0,tn90pETCCDI,b1961-1990,ssp585,yr,2015-2100,r1i1p1f1,ACCESS-ESM1-5,0.5,0.5
504,v2-0,tn90pETCCDI,b1961-1990,historical,yr,1850-2014,r1i1p1f1,BCC-CSM2-MR,0.5,0.5
505,v2-0,tn90pETCCDI,b1961-1990,ssp126,yr,2015-2100,r1i1p1f1,BCC-CSM2-MR,0.5,0.5
506,v2-0,tn90pETCCDI,b1961-1990,ssp245,yr,2015-2100,r1i1p1f1,BCC-CSM2-MR,0.5,0.5
507,v2-0,tn90pETCCDI,b1961-1990,ssp370,yr,2015-2100,r1i1p1f1,BCC-CSM2-MR,0.5,0.5
508,v2-0,tn90pETCCDI,b1961-1990,ssp585,yr,2015-2100,r1i1p1f1,BCC-CSM2-MR,0.5,0.5
509,v2-0,tn90pETCCDI,b1961-1990,historical,yr,1850-2014,r1i1p1f2,CNRM-CM6-1-HR,0.5,0.5
510,v2-0,tn90pETCCDI,b1961-1990,ssp126,yr,2015-2100,r1i1p1f2,CNRM-CM6-1-HR,0.5,0.5
511,v2-0,tn90pETCCDI,b1961-1990,ssp585,yr,2015-2100,r1i1p1f2,CNRM-CM6-1-HR,0.5,0.5
512,v2-0,tn90pETCCDI,b1961-1990,historical,yr,1850-2014,r1i1p1f2,CNRM-CM6-1,0.5,0.5
513,v2-0,tn90pETCCDI,b1961-1990,ssp126,yr,2015-2100,r1i1p1f2,CNRM-CM6-1,0.5,0.5
514,v2-0,tn90pETCCDI,b1961-1990,ssp245,yr,2015-2100,r1i1p1f2,CNRM-CM6-1,0.5,0.5
515,v2-0,tn90pETCCDI,b1961-1990,ssp370,yr,2015-2100,r1i1p1f2,CNRM-CM6-1,0.5,0.5
516,v2-0,tn90pETCCDI,b1961-1990,ssp585,yr,2015-2100,r1i1p1f2,CNRM-CM6-1,0.5,0.5
517,v2-0,tn90pETCCDI,b1961-1990,historical,yr,1850-2014,r1i1p1f2,CNRM-ESM2-1,0.5,0.5
518,v2-0,tn90pETCCDI,b1961-1990,ssp126,yr,2015-2100,r1i1p1f2,CNRM-ESM2-1,0.5,0.5
519,v2-0,tn90pETCCDI,b1961-1990,ssp245,yr,2015-2100,r1i1p1f2,CNRM-ESM2-1,0.5,0.5
520,v2-0,tn90pETCCDI,b1961-1990,ssp370,yr,2015-2100,r1i1p1f2,CNRM-ESM2-1,0.5,0.5
521,v2-0,tn90pETCCDI,b1961-1990,ssp585,yr,2015-2100,r1i1p1f2,CNRM-ESM2-1,0.5,0.5
522,v2-0,tn90pETCCDI,b1961-1990,historical,yr,1850-2014,r1i1p1f1,CanESM5,0.5,0.5
523,v2-0,tn90pETCCDI,b1961-1990,ssp245,yr,2015-2100,r1i1p1f1,CanESM5,0.5,0.5
524,v2-0,tn90pETCCDI,b1961-1990,ssp370,yr,2015-2100,r1i1p1f1,CanESM5,0.5,0.5
525,v2-0,tn90pETCCDI,b1961-1990,ssp585,yr,2015-2100,r1i1p1f1,CanESM5,0.5,0.5
526,v2-0,tn90pETCCDI,b1961-1990,historical,yr,1850-2014,r1i1p1f1,EC-Earth3-Veg,0.5,0.5
527,v2-0,tn90pETCCDI,b1961-1990,ssp126,yr,2015-2100,r1i1p1f1,EC-Earth3-Veg,0.5,0.5
528,v2-0,tn90pETCCDI,b1961-1990,ssp245,yr,2015-2100,r1i1p1f1,EC-Earth3-Veg,0.5,0.5
529,v2-0,tn90pETCCDI,b1961-1990,ssp370,yr,2015-2100,r1i1p1f1,EC-Earth3-Veg,0.5,0.5
530,v2-0,tn90pETCCDI,b1961-1990,ssp585,yr,2015-2100,r1i1p1f1,EC-Earth3-Veg,0.5,0.5
531,v2-0,tn90pETCCDI,b1961-1990,historical,yr,1850-2014,r1i1p1f1,EC-Earth3,0.5,0.5
532,v2-0,tn90pETCCDI,b1961-1990,ssp126,yr,2015-2100,r1i1p1f1,EC-Earth3,0.5,0.5
533,v2-0,tn90pETCCDI,b1961-1990,ssp245,yr,2015-2100,r1i1p1f1,EC-Earth3,0.5,0.5
534,v2-0,tn90pETCCDI,b1961-1990,ssp370,yr,2015-2100,r1i1p1f1,EC-Earth3,0.5,0.5
535,v2-0,tn90pETCCDI,b1961-1990,ssp585,yr,2015-2100,r1i1p1f1,EC-Earth3,0.5,0.5
536,v2-0,tn90pETCCDI,b1961-1990,ssp126,yr,2015-2100,r1i1p1f1,FGOALS-g3,0.5,0.5
537,v2-0,tn90pETCCDI,b1961-1990,ssp245,yr,2015-2100,r1i1p1f1,FGOALS-g3,0.5,0.5
538,v2-0,tn90pETCCDI,b1961-1990,ssp370,yr,2015-2100,r1i1p1f1,FGOALS-g3,0.5,0.5
539,v2-0,tn90pETCCDI,b1961-1990,ssp585,yr,2015-2100,r1i1p1f1,FGOALS-g3,0.5,0.5
540,v2-0,tn90pETCCDI,b1961-1990,historical,yr,1850-2014,r1i1p1f1,GFDL-CM4,0.5,0.5
541,v2-0,tn90pETCCDI,b1961-1990,ssp245,yr,2015-2100,r1i1p1f1,GFDL-CM4,0.5,0.5
542,v2-0,tn90pETCCDI,b1961-1990,ssp585,yr,2015-2100,r1i1p1f1,GFDL-CM4,0.5,0.5
543,v2-0,tn90pETCCDI,b1961-1990,historical,yr,1850-2014,r1i1p1f1,GFDL-ESM4,0.5,0.5
544,v2-0,tn90pETCCDI,b1961-1990,ssp126,yr,2015-2100,r1i1p1f1,GFDL-ESM4,0.5,0.5
545,v2-0,tn90pETCCDI,b1961-1990,ssp245,yr,2015-2100,r1i1p1f1,GFDL-ESM4,0.5,0.5
546,v2-0,tn90pETCCDI,b1961-1990,ssp370,yr,2015-2100,r1i1p1f1,GFDL-ESM4,0.5,0.5
547,v2-0,tn90pETCCDI,b1961-1990,ssp585,yr,2015-2100,r1i1p1f1,GFDL-ESM4,0.5,0.5
548,v2-0,tn90pETCCDI,b1961-1990,historical,yr,1850-2014,r1i1p1f3,HadGEM3-GC31-LL,0.5,0.5
549,v2-0,tn90pETCCDI,b1961-1990,ssp126,yr,2015-2100,r1i1p1f3,HadGEM3-GC31-LL,0.5,0.5
550,v2-0,tn90pETCCDI,b1961-1990,ssp245,yr,2015-2100,r1i1p1f3,HadGEM3-GC31-LL,0.5,0.5
551,v2-0,tn90pETCCDI,b1961-1990,ssp585,yr,2015-2100,r1i1p1f3,HadGEM3-GC31-LL,0.5,0.5
552,v2-0,tn90pETCCDI,b1961-1990,historical,yr,1850-2014,r1i1p1f3,HadGEM3-GC31-MM,0.5,0.5
553,v2-0,tn90pETCCDI,b1961-1990,ssp126,yr,2015-2100,r1i1p1f3,HadGEM3-GC31-MM,0.5,0.5
554,v2-0,tn90pETCCDI,b1961-1990,ssp585,yr,2015-2100,r1i1p1f3,HadGEM3-GC31-MM,0.5,0.5
555,v2-0,tn90pETCCDI,b1961-1990,historical,yr,1850-2014,r1i1p1f1,INM-CM4-8,0.5,0.5
556,v2-0,tn90pETCCDI,b1961-1990,ssp126,yr,2015-2100,r1i1p1f1,INM-CM4-8,0.5,0.5
557,v2-0,tn90pETCCDI,b1961-1990,ssp245,yr,2015-2100,r1i1p1f1,INM-CM4-8,0.5,0.5
558,v2-0,tn90pETCCDI,b1961-1990,ssp370,yr,2015-2100,r1i1p1f1,INM-CM4-8,0.5,0.5
559,v2-0,tn90pETCCDI,b1961-1990,ssp585,yr,2015-2100,r1i1p1f1,INM-CM4-8,0.5,0.5
560,v2-0,tn90pETCCDI,b1961-1990,historical,yr,1850-2014,r1i1p1f1,INM-CM5-0,0.5,0.5
561,v2-0,tn90pETCCDI,b1961-1990,ssp126,yr,2015-2100,r1i1p1f1,INM-CM5-0,0.5,0.5
562,v2-0,tn90pETCCDI,b1961-1990,ssp245,yr,2015-2100,r1i1p1f1,INM-CM5-0,0.5,0.5
563,v2-0,tn90pETCCDI,b1961-1990,ssp370,yr,2015-2100,r1i1p1f1,INM-CM5-0,0.5,0.5
564,v2-0,tn90pETCCDI,b1961-1990,ssp585,yr,2015-2100,r1i1p1f1,INM-CM5-0,0.5,0.5
565,v2-0,tn90pETCCDI,b1961-1990,historical,yr,1850-2014,r1i1p1f1,KACE-1-0-G,0.5,0.5
566,v2-0,tn90pETCCDI,b1961-1990,ssp126,yr,2015-2100,r1i1p1f1,KACE-1-0-G,0.5,0.5
567,v2-0,tn90pETCCDI,b1961-1990,ssp245,yr,2015-2100,r1i1p1f1,KACE-1-0-G,0.5,0.5
568,v2-0,tn90pETCCDI,b1961-1990,ssp370,yr,2015-2100,r1i1p1f1,KACE-1-0-G,0.5,0.5
569,v2-0,tn90pETCCDI,b1961-1990,ssp585,yr,2015-2100,r1i1p1f1,KACE-1-0-G,0.5,0.5
570,v2-0,tn90pETCCDI,b1961-1990,historical,yr,1850-2014,r1i1p1f1,KIOST-ESM,0.5,0.5
571,v2-0,tn90pETCCDI,b1961-1990,ssp126,yr,2015-2100,r1i1p1f1,KIOST-ESM,0.5,0.5
572,v2-0,tn90pETCCDI,b1961-1990,ssp245,yr,2015-2100,r1i1p1f1,KIOST-ESM,0.5,0.5
573,v2-0,tn90pETCCDI,b1961-1990,ssp585,yr,2015-2100,r1i1p1f1,KIOST-ESM,0.5,0.5
574,v2-0,tn90pETCCDI,b1961-1990,historical,yr,1850-2014,r1i1p1f2,MIROC-ES2L,0.5,0.5
575,v2-0,tn90pETCCDI,b1961-1990,ssp126,yr,2015-2100,r1i1p1f2,MIROC-ES2L,0.5,0.5
576,v2-0,tn90pETCCDI,b1961-1990,ssp245,yr,2015-2100,r1i1p1f2,MIROC-ES2L,0.5,0.5
577,v2-0,tn90pETCCDI,b1961-1990,ssp370,yr,2015-2100,r1i1p1f2,MIROC-ES2L,0.5,0.5
578,v2-0,tn90pETCCDI,b1961-1990,ssp585,yr,2015-2100,r1i1p1f2,MIROC-ES2L,0.5,0.5
579,v2-0,tn90pETCCDI,b1961-1990,historical,yr,1850-2014,r1i1p1f1,MIROC6,0.5,0.5
580,v2-0,tn90pETCCDI,b1961-1990,ssp126,yr,2015-2100,r1i1p1f1,MIROC6,0.5,0.5
581,v2-0,tn90pETCCDI,b1961-1990,ssp245,yr,2015-2100,r1i1p1f1,MIROC6,0.5,0.5
582,v2-0,tn90pETCCDI,b1961-1990,ssp370,yr,2015-2100,r1i1p1f1,MIROC6,0.5,0.5
583,v2-0,tn90pETCCDI,b1961-1990,ssp585,yr,2015-2100,r1i1p1f1,MIROC6,0.5,0.5
584,v2-0,tn90pETCCDI,b1961-1990,historical,yr,1850-2014,r1i1p1f1,MPI-ESM1-2-HR,0.5,0.5
585,v2-0,tn90pETCCDI,b1961-1990,ssp126,yr,2015-2100,r1i1p1f1,MPI-ESM1-2-HR,0.5,0.5
586,v2-0,tn90pETCCDI,b1961-1990,ssp245,yr,2015-2100,r1i1p1f1,MPI-ESM1-2-HR,0.5,0.5
587,v2-0,tn90pETCCDI,b1961-1990,ssp370,yr,2015-2100,r1i1p1f1,MPI-ESM1-2-HR,0.5,0.5
588,v2-0,tn90pETCCDI,b1961-1990,ssp585,yr,2015-2100,r1i1p1f1,MPI-ESM1-2-HR,0.5,0.5
589,v2-0,tn90pETCCDI,b1961-1990,historical,yr,1850-2014,r1i1p1f1,MPI-ESM1-2-LR,0.5,0.5
590,v2-0,tn90pETCCDI,b1961-1990,ssp126,yr,2015-2100,r1i1p1f1,MPI-ESM1-2-LR,0.5,0.5
591,v2-0,tn90pETCCDI,b1961-1990,ssp245,yr,2015-2100,r1i1p1f1,MPI-ESM1-2-LR,0.5,0.5
592,v2-0,tn90pETCCDI,b1961-1990,ssp370,yr,2015-2100,r1i1p1f1,MPI-ESM1-2-LR,0.5,0.5
593,v2-0,tn90pETCCDI,b1961-1990,ssp585,yr,2015-2100,r1i1p1f1,MPI-ESM1-2-LR,0.5,0.5
594,v2-0,tn90pETCCDI,b1961-1990,historical,yr,1850-2014,r1i1p1f1,MRI-ESM2-0,0.5,0.5
595,v2-0,tn90pETCCDI,b1961-1990,ssp126,yr,2015-2100,r1i1p1f1,MRI-ESM2-0,0.5,0.5
596,v2-0,tn90pETCCDI,b1961-1990,ssp245,yr,2015-2100,r1i1p1f1,MRI-ESM2-0,0.5,0.5
597,v2-0,tn90pETCCDI,b1961-1990,ssp370,yr,2015-2100,r1i1p1f1,MRI-ESM2-0,0.5,0.5
598,v2-0,tn90pETCCDI,b1961-1990,ssp585,yr,2015-2100,r1i1p1f1,MRI-ESM2-0,0.5,0.5
599,v2-0,tn90pETCCDI,b1961-1990,historical,yr,1850-2014,r1i1p1f1,NESM3,0.5,0.5
600,v2-0,tn90pETCCDI,b1961-1990,ssp126,yr,2015-2100,r1i1p1f1,NESM3,0.5,0.5
601,v2-0,tn90pETCCDI,b1961-1990,ssp245,yr,2015-2100,r1i1p1f1,NESM3,0.5,0.5
602,v2-0,tn90pETCCDI,b1961-1990,ssp585,yr,2015-2100,r1i1p1f1,NESM3,0.5,0.5
603,v2-0,tn90pETCCDI,b1961-1990,ssp126,yr,2015-2100,r1i1p1f1,NorESM2-LM,0.5,0.5
604,v2-0,tn90pETCCDI,b1961-1990,ssp245,yr,2015-2100,r1i1p1f1,NorESM2-LM,0.5,0.5
605,v2-0,tn90pETCCDI,b1961-1990,ssp370,yr,2015-2100,r1i1p1f1,NorESM2-LM,0.5,0.5
606,v2-0,tn90pETCCDI,b1961-1990,ssp585,yr,2015-2100,r1i1p1f1,NorESM2-LM,0.5,0.5
607,v2-0,tn90pETCCDI,b1961-1990,historical,yr,1850-2014,r1i1p1f1,NorESM2-MM,0.5,0.5
608,v2-0,tn90pETCCDI,b1961-1990,ssp126,yr,2015-2100,r1i1p1f1,NorESM2-MM,0.5,0.5
609,v2-0,tn90pETCCDI,b1961-1990,ssp245,yr,2015-2100,r1i1p1f1,NorESM2-MM,0.5,0.5
610,v2-0,tn90pETCCDI,b1961-1990,ssp370,yr,2015-2100,r1i1p1f1,NorESM2-MM,0.5,0.5
611,v2-0,tn90pETCCDI,b1961-1990,ssp585,yr,2015-2100,r1i1p1f1,NorESM2-MM,0.5,0.5
612,v2-0,tn90pETCCDI,b1961-1990,historical,yr,1850-2014,r1i1p1f2,UKESM1-0-LL,0.5,0.5
613,v2-0,tn90pETCCDI,b1961-1990,ssp126,yr,2015-2100,r1i1p1f2,UKESM1-0-LL,0.5,0.5
614,v2-0,tn90pETCCDI,b1961-1990,ssp245,yr,2015-2100,r1i1p1f2,UKESM1-0-LL,0.5,0.5
615,v2-0,tn90pETCCDI,b1961-1990,ssp370,yr,2015-2100,r1i1p1f2,UKESM1-0-LL,0.5,0.5
616,v2-0,tn90pETCCDI,b1961-1990,ssp585,yr,2015-2100,r1i1p1f2,UKESM1-0-LL,0.5,0.5
617,v2-0,tx10pETCCDI,b1961-1990,historical,yr,1850-2014,r1i1p1f1,ACCESS-CM2,0.5,0.5
618,v2-0,tx10pETCCDI,b1961-1990,ssp126,yr,2015-2100,r1i1p1f1,ACCESS-CM2,0.5,0.5
619,v2-0,tx10pETCCDI,b1961-1990,ssp245,yr,2015-2100,r1i1p1f1,ACCESS-CM2,0.5,0.5
620,v2-0,tx10pETCCDI,b1961-1990,ssp370,yr,2015-2100,r1i1p1f1,ACCESS-CM2,0.5,0.5
621,v2-0,tx10pETCCDI,b1961-1990,ssp585,yr,2015-2100,r1i1p1f1,ACCESS-CM2,0.5,0.5
622,v2-0,tx10pETCCDI,b1961-1990,historical,yr,1850-2014,r1i1p1f1,ACCESS-ESM1-5,0.5,0.5
623,v2-0,tx10pETCCDI,b1961-1990,ssp126,yr,2015-2100,r1i1p1f1,ACCESS-ESM1-5,0.5,0.5
624,v2-0,tx10pETCCDI,b1961-1990,ssp245,yr,2015-2100,r1i1p1f1,ACCESS-ESM1-5,0.5,0.5
625,v2-0,tx10pETCCDI,b1961-1990,ssp370,yr,2015-2100,r1i1p1f1,ACCESS-ESM1-5,0.5,0.5
626,v2-0,tx10pETCCDI,b1961-1990,ssp585,yr,2015-2100,r1i1p1f1,ACCESS-ESM1-5,0.5,0.5
627,v2-0,tx10pETCCDI,b1961-1990,historical,yr,1850-2014,r1i1p1f1,BCC-CSM2-MR,0.5,0.5
628,v2-0,tx10pETCCDI,b1961-1990,ssp126,yr,2015-2100,r1i1p1f1,BCC-CSM2-MR,0.5,0.5
629,v2-0,tx10pETCCDI,b1961-1990,ssp245,yr,2015-2100,r1i1p1f1,BCC-CSM2-MR,0.5,0.5
630,v2-0,tx10pETCCDI,b1961-1990,ssp370,yr,2015-2100,r1i1p1f1,BCC-CSM2-MR,0.5,0.5
631,v2-0,tx10pETCCDI,b1961-1990,ssp585,yr,2015-2100,r1i1p1f1,BCC-CSM2-MR,0.5,0.5
632,v2-0,tx10pETCCDI,b1961-1990,historical,yr,1850-2014,r1i1p1f2,CNRM-CM6-1-HR,0.5,0.5
633,v2-0,tx10pETCCDI,b1961-1990,ssp126,yr,2015-2100,r1i1p1f2,CNRM-CM6-1-HR,0.5,0.5
634,v2-0,tx10pETCCDI,b1961-1990,ssp585,yr,2015-2100,r1i1p1f2,CNRM-CM6-1-HR,0.5,0.5
635,v2-0,tx10pETCCDI,b1961-1990,historical,yr,1850-2014,r1i1p1f2,CNRM-CM6-1,0.5,0.5
636,v2-0,tx10pETCCDI,b1961-1990,ssp126,yr,2015-2100,r1i1p1f2,CNRM-CM6-1,0.5,0.5
637,v2-0,tx10pETCCDI,b1961-1990,ssp245,yr,2015-2100,r1i1p1f2,CNRM-CM6-1,0.5,0.5
638,v2-0,tx10pETCCDI,b1961-1990,ssp370,yr,2015-2100,r1i1p1f2,CNRM-CM6-1,0.5,0.5
639,v2-0,tx10pETCCDI,b1961-1990,ssp585,yr,2015-2100,r1i1p1f2,CNRM-CM6-1,0.5,0.5
640,v2-0,tx10pETCCDI,b1961-1990,historical,yr,1850-2014,r1i1p1f2,CNRM-ESM2-1,0.5,0.5
641,v2-0,tx10pETCCDI,b1961-1990,ssp126,yr,2015-2100,r1i1p1f2,CNRM-ESM2-1,0.5,0.5
642,v2-0,tx10pETCCDI,b1961-1990,ssp245,yr,2015-2100,r1i1p1f2,CNRM-ESM2-1,0.5,0.5
643,v2-0,tx10pETCCDI,b1961-1990,ssp370,yr,2015-2100,r1i1p1f2,CNRM-ESM2-1,0.5,0.5
644,v2-0,tx10pETCCDI,b1961-1990,ssp585,yr,2015-2100,r1i1p1f2,CNRM-ESM2-1,0.5,0.5
645,v2-0,tx10pETCCDI,b1961-1990,historical,yr,1850-2014,r1i1p1f1,CanESM5,0.5,0.5
646,v2-0,tx10pETCCDI,b1961-1990,ssp245,yr,2015-2100,r1i1p1f1,CanESM5,0.5,0.5
647,v2-0,tx10pETCCDI,b1961-1990,ssp370,yr,2015-2100,r1i1p1f1,CanESM5,0.5,0.5
648,v2-0,tx10pETCCDI,b1961-1990,ssp585,yr,2015-2100,r1i1p1f1,CanESM5,0.5,0.5
649,v2-0,tx10pETCCDI,b1961-1990,historical,yr,1850-2014,r1i1p1f1,EC-Earth3-Veg,0.5,0.5
650,v2-0,tx10pETCCDI,b1961-1990,ssp126,yr,2015-2100,r1i1p1f1,EC-Earth3-Veg,0.5,0.5
651,v2-0,tx10pETCCDI,b1961-1990,ssp245,yr,2015-2100,r1i1p1f1,EC-Earth3-Veg,0.5,0.5
652,v2-0,tx10pETCCDI,b1961-1990,ssp370,yr,2015-2100,r1i1p1f1,EC-Earth3-Veg,0.5,0.5
653,v2-0,tx10pETCCDI,b1961-1990,ssp585,yr,2015-2100,r1i1p1f1,EC-Earth3-Veg,0.5,0.5
654,v2-0,tx10pETCCDI,b1961-1990,historical,yr,1850-2014,r1i1p1f1,EC-Earth3,0.5,0.5
655,v2-0,tx10pETCCDI,b1961-1990,ssp126,yr,2015-2100,r1i1p1f1,EC-Earth3,0.5,0.5
656,v2-0,tx10pETCCDI,b1961-1990,ssp245,yr,2015-2100,r1i1p1f1,EC-Earth3,0.5,0.5
657,v2-0,tx10pETCCDI,b1961-1990,ssp370,yr,2015-2100,r1i1p1f1,EC-Earth3,0.5,0.5
658,v2-0,tx10pETCCDI,b1961-1990,ssp585,yr,2015-2100,r1i1p1f1,EC-Earth3,0.5,0.5
659,v2-0,tx10pETCCDI,b1961-1990,ssp126,yr,2015-2100,r1i1p1f1,FGOALS-g3,0.5,0.5
660,v2-0,tx10pETCCDI,b1961-1990,ssp245,yr,2015-2100,r1i1p1f1,FGOALS-g3,0.5,0.5
661,v2-0,tx10pETCCDI,b1961-1990,ssp370,yr,2015-2100,r1i1p1f1,FGOALS-g3,0.5,0.5
662,v2-0,tx10pETCCDI,b1961-1990,ssp585,yr,2015-2100,r1i1p1f1,FGOALS-g3,0.5,0.5
663,v2-0,tx10pETCCDI,b1961-1990,historical,yr,1850-2014,r1i1p1f1,GFDL-CM4,0.5,0.5
664,v2-0,tx10pETCCDI,b1961-1990,ssp245,yr,2015-2100,r1i1p1f1,GFDL-CM4,0.5,0.5
665,v2-0,tx10pETCCDI,b1961-1990,ssp585,yr,2015-2100,r1i1p1f1,GFDL-CM4,0.5,0.5
666,v2-0,tx10pETCCDI,b1961-1990,historical,yr,1850-2014,r1i1p1f1,GFDL-ESM4,0.5,0.5
667,v2-0,tx10pETCCDI,b1961-1990,ssp126,yr,2015-2100,r1i1p1f1,GFDL-ESM4,0.5,0.5
668,v2-0,tx10pETCCDI,b1961-1990,ssp245,yr,2015-2100,r1i1p1f1,GFDL-ESM4,0.5,0.5
669,v2-0,tx10pETCCDI,b1961-1990,ssp370,yr,2015-2100,r1i1p1f1,GFDL-ESM4,0.5,0.5
670,v2-0,tx10pETCCDI,b1961-1990,ssp585,yr,2015-2100,r1i1p1f1,GFDL-ESM4,0.5,0.5
671,v2-0,tx10pETCCDI,b1961-1990,historical,yr,1850-2014,r1i1p1f3,HadGEM3-GC31-LL,0.5,0.5
672,v2-0,tx10pETCCDI,b1961-1990,ssp126,yr,2015-2100,r1i1p1f3,HadGEM3-GC31-LL,0.5,0.5
673,v2-0,tx10pETCCDI,b1961-1990,ssp245,yr,2015-2100,r1i1p1f3,HadGEM3-GC31-LL,0.5,0.5
674,v2-0,tx10pETCCDI,b1961-1990,ssp585,yr,2015-2100,r1i1p1f3,HadGEM3-GC31-LL,0.5,0.5
675,v2-0,tx10pETCCDI,b1961-1990,historical,yr,1850-2014,r1i1p1f3,HadGEM3-GC31-MM,0.5,0.5
676,v2-0,tx10pETCCDI,b1961-1990,ssp126,yr,2015-2100,r1i1p1f3,HadGEM3-GC31-MM,0.5,0.5
677,v2-0,tx10pETCCDI,b1961-1990,ssp585,yr,2015-2100,r1i1p1f3,HadGEM3-GC31-MM,0.5,0.5
678,v2-0,tx10pETCCDI,b1961-1990,historical,yr,1850-2014,r1i1p1f1,INM-CM4-8,0.5,0.5
679,v2-0,tx10pETCCDI,b1961-1990,ssp126,yr,2015-2100,r1i1p1f1,INM-CM4-8,0.5,0.5
680,v2-0,tx10pETCCDI,b1961-1990,ssp245,yr,2015-2100,r1i1p1f1,INM-CM4-8,0.5,0.5
681,v2-0,tx10pETCCDI,b1961-1990,ssp370,yr,2015-2100,r1i1p1f1,INM-CM4-8,0.5,0.5
682,v2-0,tx10pETCCDI,b1961-1990,ssp585,yr,2015-2100,r1i1p1f1,INM-CM4-8,0.5,0.5
683,v2-0,tx10pETCCDI,b1961-1990,historical,yr,1850-2014,r1i1p1f1,INM-CM5-0,0.5,0.5
684,v2-0,tx10pETCCDI,b1961-1990,ssp126,yr,2015-2100,r1i1p1f1,INM-CM5-0,0.5,0.5
685,v2-0,tx10pETCCDI,b1961-1990,ssp245,yr,2015-2100,r1i1p1f1,INM-CM5-0,0.5,0.5
686,v2-0,tx10pETCCDI,b1961-1990,ssp370,yr,2015-2100,r1i1p1f1,INM-CM5-0,0.5,0.5
687,v2-0,tx10pETCCDI,b1961-1990,ssp585,yr,2015-2100,r1i1p1f1,INM-CM5-0,0.5,0.5
688,v2-0,tx10pETCCDI,b1961-1990,historical,yr,1850-2014,r1i1p1f1,KACE-1-0-G,0.5,0.5
689,v2-0,tx10pETCCDI,b1961-1990,ssp126,yr,2015-2100,r1i1p1f1,KACE-1-0-G,0.5,0.5
690,v2-0,tx10pETCCDI,b1961-1990,ssp245,yr,2015-2100,r1i1p1f1,KACE-1-0-G,0.5,0.5
691,v2-0,tx10pETCCDI,b1961-1990,ssp370,yr,2015-2100,r1i1p1f1,KACE-1-0-G,0.5,0.5
692,v2-0,tx10pETCCDI,b1961-1990,ssp585,yr,2015-2100,r1i1p1f1,KACE-1-0-G,0.5,0.5
693,v2-0,tx10pETCCDI,b1961-1990,historical,yr,1850-2014,r1i1p1f1,KIOST-ESM,0.5,0.5
694,v2-0,tx10pETCCDI,b1961-1990,ssp126,yr,2015-2100,r1i1p1f1,KIOST-ESM,0.5,0.5
695,v2-0,tx10pETCCDI,b1961-1990,ssp245,yr,2015-2100,r1i1p1f1,KIOST-ESM,0.5,0.5
696,v2-0,tx10pETCCDI,b1961-1990,ssp585,yr,2015-2100,r1i1p1f1,KIOST-ESM,0.5,0.5
697,v2-0,tx10pETCCDI,b1961-1990,historical,yr,1850-2014,r1i1p1f2,MIROC-ES2L,0.5,0.5
698,v2-0,tx10pETCCDI,b1961-1990,ssp126,yr,2015-2100,r1i1p1f2,MIROC-ES2L,0.5,0.5
699,v2-0,tx10pETCCDI,b1961-1990,ssp245,yr,2015-2100,r1i1p1f2,MIROC-ES2L,0.5,0.5
700,v2-0,tx10pETCCDI,b1961-1990,ssp370,yr,2015-2100,r1i1p1f2,MIROC-ES2L,0.5,0.5
701,v2-0,tx10pETCCDI,b1961-1990,ssp585,yr,2015-2100,r1i1p1f2,MIROC-ES2L,0.5,0.5
702,v2-0,tx10pETCCDI,b1961-1990,historical,yr,1850-2014,r1i1p1f1,MIROC6,0.5,0.5
703,v2-0,tx10pETCCDI,b1961-1990,ssp126,yr,2015-2100,r1i1p1f1,MIROC6,0.5,0.5
704,v2-0,tx10pETCCDI,b1961-1990,ssp245,yr,2015-2100,r1i1p1f1,MIROC6,0.5,0.5
705,v2-0,tx10pETCCDI,b1961-1990,ssp370,yr,2015-2100,r1i1p1f1,MIROC6,0.5,0.5
706,v2-0,tx10pETCCDI,b1961-1990,ssp585,yr,2015-2100,r1i1p1f1,MIROC6,0.5,0.5
707,v2-0,tx10pETCCDI,b1961-1990,historical,yr,1850-2014,r1i1p1f1,MPI-ESM1-2-HR,0.5,0.5
708,v2-0,tx10pETCCDI,b1961-1990,ssp126,yr,2015-2100,r1i1p1f1,MPI-ESM1-2-HR,0.5,0.5
709,v2-0,tx10pETCCDI,b1961-1990,ssp245,yr,2015-2100,r1i1p1f1,MPI-ESM1-2-HR,0.5,0.5
710,v2-0,tx10pETCCDI,b1961-1990,ssp370,yr,2015-2100,r1i1p1f1,MPI-ESM1-2-HR,0.5,0.5
711,v2-0,tx10pETCCDI,b1961-1990,ssp585,yr,2015-2100,r1i1p1f1,MPI-ESM1-2-HR,0.5,0.5
712,v2-0,tx10pETCCDI,b1961-1990,historical,yr,1850-2014,r1i1p1f1,MPI-ESM1-2-LR,0.5,0.5
713,v2-0,tx10pETCCDI,b1961-1990,ssp126,yr,2015-2100,r1i1p1f1,MPI-ESM1-2-LR,0.5,0.5
714,v2-0,tx10pETCCDI,b1961-1990,ssp245,yr,2015-2100,r1i1p1f1,MPI-ESM1-2-LR,0.5,0.5
715,v2-0,tx10pETCCDI,b1961-1990,ssp370,yr,2015-2100,r1i1p1f1,MPI-ESM1-2-LR,0.5,0.5
716,v2-0,tx10pETCCDI,b1961-1990,ssp585,yr,2015-2100,r1i1p1f1,MPI-ESM1-2-LR,0.5,0.5
717,v2-0,tx10pETCCDI,b1961-1990,historical,yr,1850-2014,r1i1p1f1,MRI-ESM2-0,0.5,0.5
718,v2-0,tx10pETCCDI,b1961-1990,ssp126,yr,2015-2100,r1i1p1f1,MRI-ESM2-0,0.5,0.5
719,v2-0,tx10pETCCDI,b1961-1990,ssp245,yr,2015-2100,r1i1p1f1,MRI-ESM2-0,0.5,0.5
720,v2-0,tx10pETCCDI,b1961-1990,ssp370,yr,2015-2100,r1i1p1f1,MRI-ESM2-0,0.5,0.5
721,v2-0,tx10pETCCDI,b1961-1990,ssp585,yr,2015-2100,r1i1p1f1,MRI-ESM2-0,0.5,0.5
722,v2-0,tx10pETCCDI,b1961-1990,historical,yr,1850-2014,r1i1p1f1,NESM3,0.5,0.5
723,v2-0,tx10pETCCDI,b1961-1990,ssp126,yr,2015-2100,r1i1p1f1,NESM3,0.5,0.5
724,v2-0,tx10pETCCDI,b1961-1990,ssp245,yr,2015-2100,r1i1p1f1,NESM3,0.5,0.5
725,v2-0,tx10pETCCDI,b1961-1990,ssp585,yr,2015-2100,r1i1p1f1,NESM3,0.5,0.5
726,v2-0,tx10pETCCDI,b1961-1990,ssp126,yr,2015-2100,r1i1p1f1,NorESM2-LM,0.5,0.5
727,v2-0,tx10pETCCDI,b1961-1990,ssp245,yr,2015-2100,r1i1p1f1,NorESM2-LM,0.5,0.5
728,v2-0,tx10pETCCDI,b1961-1990,ssp370,yr,2015-2100,r1i1p1f1,NorESM2-LM,0.5,0.5
729,v2-0,tx10pETCCDI,b1961-1990,ssp585,yr,2015-2100,r1i1p1f1,NorESM2-LM,0.5,0.5
730,v2-0,tx10pETCCDI,b1961-1990,historical,yr,1850-2014,r1i1p1f1,NorESM2-MM,0.5,0.5
731,v2-0,tx10pETCCDI,b1961-1990,ssp126,yr,2015-2100,r1i1p1f1,NorESM2-MM,0.5,0.5
732,v2-0,tx10pETCCDI,b1961-1990,ssp245,yr,2015-2100,r1i1p1f1,NorESM2-MM,0.5,0.5
733,v2-0,tx10pETCCDI,b1961-1990,ssp370,yr,2015-2100,r1i1p1f1,NorESM2-MM,0.5,0.5
734,v2-0,tx10pETCCDI,b1961-1990,ssp585,yr,2015-2100,r1i1p1f1,NorESM2-MM,0.5,0.5
735,v2-0,tx10pETCCDI,b1961-1990,historical,yr,1850-2014,r1i1p1f2,UKESM1-0-LL,0.5,0.5
736,v2-0,tx10pETCCDI,b1961-1990,ssp126,yr,2015-2100,r1i1p1f2,UKESM1-0-LL,0.5,0.5
737,v2-0,tx10pETCCDI,b1961-1990,ssp245,yr,2015-2100,r1i1p1f2,UKESM1-0-LL,0.5,0.5
738,v2-0,tx10pETCCDI,b1961-1990,ssp370,yr,2015-2100,r1i1p1f2,UKESM1-0-LL,0.5,0.5
739,v2-0,tx10pETCCDI,b1961-1990,ssp585,yr,2015-2100,r1i1p1f2,UKESM1-0-LL,0.5,0.5
740,v2-0,tx90pETCCDI,b1961-1990,historical,yr,1850-2014,r1i1p1f1,ACCESS-CM2,0.5,0.5
741,v2-0,tx90pETCCDI,b1961-1990,ssp126,yr,2015-2100,r1i1p1f1,ACCESS-CM2,0.5,0.5
742,v2-0,tx90pETCCDI,b1961-1990,ssp245,yr,2015-2100,r1i1p1f1,ACCESS-CM2,0.5,0.5
743,v2-0,tx90pETCCDI,b1961-1990,ssp370,yr,2015-2100,r1i1p1f1,ACCESS-CM2,0.5,0.5
744,v2-0,tx90pETCCDI,b1961-1990,ssp585,yr,2015-2100,r1i1p1f1,ACCESS-CM2,0.5,0.5
745,v2-0,tx90pETCCDI,b1961-1990,historical,yr,1850-2014,r1i1p1f1,ACCESS-ESM1-5,0.5,0.5
746,v2-0,tx90pETCCDI,b1961-1990,ssp126,yr,2015-2100,r1i1p1f1,ACCESS-ESM1-5,0.5,0.5
747,v2-0,tx90pETCCDI,b1961-1990,ssp245,yr,2015-2100,r1i1p1f1,ACCESS-ESM1-5,0.5,0.5
748,v2-0,tx90pETCCDI,b1961-1990,ssp370,yr,2015-2100,r1i1p1f1,ACCESS-ESM1-5,0.5,0.5
749,v2-0,tx90pETCCDI,b1961-1990,ssp585,yr,2015-2100,r1i1p1f1,ACCESS-ESM1-5,0.5,0.5
750,v2-0,tx90pETCCDI,b1961-1990,historical,yr,1850-2014,r1i1p1f1,BCC-CSM2-MR,0.5,0.5
751,v2-0,tx90pETCCDI,b1961-1990,ssp126,yr,2015-2100,r1i1p1f1,BCC-CSM2-MR,0.5,0.5
752,v2-0,tx90pETCCDI,b1961-1990,ssp245,yr,2015-2100,r1i1p1f1,BCC-CSM2-MR,0.5,0.5
753,v2-0,tx90pETCCDI,b1961-1990,ssp370,yr,2015-2100,r1i1p1f1,BCC-CSM2-MR,0.5,0.5
754,v2-0,tx90pETCCDI,b1961-1990,ssp585,yr,2015-2100,r1i1p1f1,BCC-CSM2-MR,0.5,0.5
755,v2-0,tx90pETCCDI,b1961-1990,historical,yr,1850-2014,r1i1p1f2,CNRM-CM6-1-HR,0.5,0.5
756,v2-0,tx90pETCCDI,b1961-1990,ssp126,yr,2015-2100,r1i1p1f2,CNRM-CM6-1-HR,0.5,0.5
757,v2-0,tx90pETCCDI,b1961-1990,ssp585,yr,2015-2100,r1i1p1f2,CNRM-CM6-1-HR,0.5,0.5
758,v2-0,tx90pETCCDI,b1961-1990,historical,yr,1850-2014,r1i1p1f2,CNRM-CM6-1,0.5,0.5
759,v2-0,tx90pETCCDI,b1961-1990,ssp126,yr,2015-2100,r1i1p1f2,CNRM-CM6-1,0.5,0.5
760,v2-0,tx90pETCCDI,b1961-1990,ssp245,yr,2015-2100,r1i1p1f2,CNRM-CM6-1,0.5,0.5
761,v2-0,tx90pETCCDI,b1961-1990,ssp370,yr,2015-2100,r1i1p1f2,CNRM-CM6-1,0.5,0.5
762,v2-0,tx90pETCCDI,b1961-1990,ssp585,yr,2015-2100,r1i1p1f2,CNRM-CM6-1,0.5,0.5
763,v2-0,tx90pETCCDI,b1961-1990,historical,yr,1850-2014,r1i1p1f2,CNRM-ESM2-1,0.5,0.5
764,v2-0,tx90pETCCDI,b1961-1990,ssp126,yr,2015-2100,r1i1p1f2,CNRM-ESM2-1,0.5,0.5
765,v2-0,tx90pETCCDI,b1961-1990,ssp245,yr,2015-2100,r1i1p1f2,CNRM-ESM2-1,0.5,0.5
766,v2-0,tx90pETCCDI,b1961-1990,ssp370,yr,2015-2100,r1i1p1f2,CNRM-ESM2-1,0.5,0.5
767,v2-0,tx90pETCCDI,b1961-1990,ssp585,yr,2015-2100,r1i1p1f2,CNRM-ESM2-1,0.5,0.5
768,v2-0,tx90pETCCDI,b1961-1990,historical,yr,1850-2014,r1i1p1f1,CanESM5,0.5,0.5
769,v2-0,tx90pETCCDI,b1961-1990,ssp245,yr,2015-2100,r1i1p1f1,CanESM5,0.5,0.5
770,v2-0,tx90pETCCDI,b1961-1990,ssp370,yr,2015-2100,r1i1p1f1,CanESM5,0.5,0.5
771,v2-0,tx90pETCCDI,b1961-1990,ssp585,yr,2015-2100,r1i1p1f1,CanESM5,0.5,0.5
772,v2-0,tx90pETCCDI,b1961-1990,historical,yr,1850-2014,r1i1p1f1,EC-Earth3-Veg,0.5,0.5
773,v2-0,tx90pETCCDI,b1961-1990,ssp126,yr,2015-2100,r1i1p1f1,EC-Earth3-Veg,0.5,0.5
774,v2-0,tx90pETCCDI,b1961-1990,ssp245,yr,2015-2100,r1i1p1f1,EC-Earth3-Veg,0.5,0.5
775,v2-0,tx90pETCCDI,b1961-1990,ssp370,yr,2015-2100,r1i1p1f1,EC-Earth3-Veg,0.5,0.5
776,v2-0,tx90pETCCDI,b1961-1990,ssp585,yr,2015-2100,r1i1p1f1,EC-Earth3-Veg,0.5,0.5
777,v2-0,tx90pETCCDI,b1961-1990,historical,yr,1850-2014,r1i1p1f1,EC-Earth3,0.5,0.5
778,v2-0,tx90pETCCDI,b1961-1990,ssp126,yr,2015-2100,r1i1p1f1,EC-Earth3,0.5,0.5
779,v2-0,tx90pETCCDI,b1961-1990,ssp245,yr,2015-2100,r1i1p1f1,EC-Earth3,0.5,0.5
780,v2-0,tx90pETCCDI,b1961-1990,ssp370,yr,2015-2100,r1i1p1f1,EC-Earth3,0.5,0.5
781,v2-0,tx90pETCCDI,b1961-1990,ssp585,yr,2015-2100,r1i1p1f1,EC-Earth3,0.5,0.5
782,v2-0,tx90pETCCDI,b1961-1990,ssp126,yr,2015-2100,r1i1p1f1,FGOALS-g3,0.5,0.5
783,v2-0,tx90pETCCDI,b1961-1990,ssp245,yr,2015-2100,r1i1p1f1,FGOALS-g3,0.5,0.5
784,v2-0,tx90pETCCDI,b1961-1990,ssp370,yr,2015-2100,r1i1p1f1,FGOALS-g3,0.5,0.5
785,v2-0,tx90pETCCDI,b1961-1990,ssp585,yr,2015-2100,r1i1p1f1,FGOALS-g3,0.5,0.5
786,v2-0,tx90pETCCDI,b1961-1990,historical,yr,1850-2014,r1i1p1f1,GFDL-CM4,0.5,0.5
787,v2-0,tx90pETCCDI,b1961-1990,ssp245,yr,2015-2100,r1i1p1f1,GFDL-CM4,0.5,0.5
788,v2-0,tx90pETCCDI,b1961-1990,ssp585,yr,2015-2100,r1i1p1f1,GFDL-CM4,0.5,0.5
789,v2-0,tx90pETCCDI,b1961-1990,historical,yr,1850-2014,r1i1p1f1,GFDL-ESM4,0.5,0.5
790,v2-0,tx90pETCCDI,b1961-1990,ssp126,yr,2015-2100,r1i1p1f1,GFDL-ESM4,0.5,0.5
791,v2-0,tx90pETCCDI,b1961-1990,ssp245,yr,2015-2100,r1i1p1f1,GFDL-ESM4,0.5,0.5
792,v2-0,tx90pETCCDI,b1961-1990,ssp370,yr,2015-2100,r1i1p1f1,GFDL-ESM4,0.5,0.5
793,v2-0,tx90pETCCDI,b1961-1990,ssp585,yr,2015-2100,r1i1p1f1,GFDL-ESM4,0.5,0.5
794,v2-0,tx90pETCCDI,b1961-1990,historical,yr,1850-2014,r1i1p1f3,HadGEM3-GC31-LL,0.5,0.5
795,v2-0,tx90pETCCDI,b1961-1990,ssp126,yr,2015-2100,r1i1p1f3,HadGEM3-GC31-LL,0.5,0.5
796,v2-0,tx90pETCCDI,b1961-1990,ssp245,yr,2015-2100,r1i1p1f3,HadGEM3-GC31-LL,0.5,0.5
797,v2-0,tx90pETCCDI,b1961-1990,ssp585,yr,2015-2100,r1i1p1f3,HadGEM3-GC31-LL,0.5,0.5
798,v2-0,tx90pETCCDI,b1961-1990,historical,yr,1850-2014,r1i1p1f3,HadGEM3-GC31-MM,0.5,0.5
799,v2-0,tx90pETCCDI,b1961-1990,ssp126,yr,2015-2100,r1i1p1f3,HadGEM3-GC31-MM,0.5,0.5
800,v2-0,tx90pETCCDI,b1961-1990,ssp585,yr,2015-2100,r1i1p1f3,HadGEM3-GC31-MM,0.5,0.5
801,v2-0,tx90pETCCDI,b1961-1990,historical,yr,1850-2014,r1i1p1f1,INM-CM4-8,0.5,0.5
802,v2-0,tx90pETCCDI,b1961-1990,ssp126,yr,2015-2100,r1i1p1f1,INM-CM4-8,0.5,0.5
803,v2-0,tx90pETCCDI,b1961-1990,ssp245,yr,2015-2100,r1i1p1f1,INM-CM4-8,0.5,0.5
804,v2-0,tx90pETCCDI,b1961-1990,ssp370,yr,2015-2100,r1i1p1f1,INM-CM4-8,0.5,0.5
805,v2-0,tx90pETCCDI,b1961-1990,ssp585,yr,2015-2100,r1i1p1f1,INM-CM4-8,0.5,0.5
806,v2-0,tx90pETCCDI,b1961-1990,historical,yr,1850-2014,r1i1p1f1,INM-CM5-0,0.5,0.5
807,v2-0,tx90pETCCDI,b1961-1990,ssp126,yr,2015-2100,r1i1p1f1,INM-CM5-0,0.5,0.5
808,v2-0,tx90pETCCDI,b1961-1990,ssp245,yr,2015-2100,r1i1p1f1,INM-CM5-0,0.5,0.5
809,v2-0,tx90pETCCDI,b1961-1990,ssp370,yr,2015-2100,r1i1p1f1,INM-CM5-0,0.5,0.5
810,v2-0,tx90pETCCDI,b1961-1990,ssp585,yr,2015-2100,r1i1p1f1,INM-CM5-0,0.5,0.5
811,v2-0,tx90pETCCDI,b1961-1990,historical,yr,1850-2014,r1i1p1f1,KACE-1-0-G,0.5,0.5
812,v2-0,tx90pETCCDI,b1961-1990,ssp126,yr,2015-2100,r1i1p1f1,KACE-1-0-G,0.5,0.5
813,v2-0,tx90pETCCDI,b1961-1990,ssp245,yr,2015-2100,r1i1p1f1,KACE-1-0-G,0.5,0.5
814,v2-0,tx90pETCCDI,b1961-1990,ssp370,yr,2015-2100,r1i1p1f1,KACE-1-0-G,0.5,0.5
815,v2-0,tx90pETCCDI,b1961-1990,ssp585,yr,2015-2100,r1i1p1f1,KACE-1-0-G,0.5,0.5
816,v2-0,tx90pETCCDI,b1961-1990,historical,yr,1850-2014,r1i1p1f1,KIOST-ESM,0.5,0.5
817,v2-0,tx90pETCCDI,b1961-1990,ssp126,yr,2015-2100,r1i1p1f1,KIOST-ESM,0.5,0.5
818,v2-0,tx90pETCCDI,b1961-1990,ssp245,yr,2015-2100,r1i1p1f1,KIOST-ESM,0.5,0.5
819,v2-0,tx90pETCCDI,b1961-1990,ssp585,yr,2015-2100,r1i1p1f1,KIOST-ESM,0.5,0.5
820,v2-0,tx90pETCCDI,b1961-1990,historical,yr,1850-2014,r1i1p1f2,MIROC-ES2L,0.5,0.5
821,v2-0,tx90pETCCDI,b1961-1990,ssp126,yr,2015-2100,r1i1p1f2,MIROC-ES2L,0.5,0.5
822,v2-0,tx90pETCCDI,b1961-1990,ssp245,yr,2015-2100,r1i1p1f2,MIROC-ES2L,0.5,0.5
823,v2-0,tx90pETCCDI,b1961-1990,ssp370,yr,2015-2100,r1i1p1f2,MIROC-ES2L,0.5,0.5
824,v2-0,tx90pETCCDI,b1961-1990,ssp585,yr,2015-2100,r1i1p1f2,MIROC-ES2L,0.5,0.5
825,v2-0,tx90pETCCDI,b1961-1990,historical,yr,1850-2014,r1i1p1f1,MIROC6,0.5,0.5
826,v2-0,tx90pETCCDI,b1961-1990,ssp126,yr,2015-2100,r1i1p1f1,MIROC6,0.5,0.5
827,v2-0,tx90pETCCDI,b1961-1990,ssp245,yr,2015-2100,r1i1p1f1,MIROC6,0.5,0.5
828,v2-0,tx90pETCCDI,b1961-1990,ssp370,yr,2015-2100,r1i1p1f1,MIROC6,0.5,0.5
829,v2-0,tx90pETCCDI,b1961-1990,ssp585,yr,2015-2100,r1i1p1f1,MIROC6,0.5,0.5
830,v2-0,tx90pETCCDI,b1961-1990,historical,yr,1850-2014,r1i1p1f1,MPI-ESM1-2-HR,0.5,0.5
831,v2-0,tx90pETCCDI,b1961-1990,ssp126,yr,2015-2100,r1i1p1f1,MPI-ESM1-2-HR,0.5,0.5
832,v2-0,tx90pETCCDI,b1961-1990,ssp245,yr,2015-2100,r1i1p1f1,MPI-ESM1-2-HR,0.5,0.5
833,v2-0,tx90pETCCDI,b1961-1990,ssp370,yr,2015-2100,r1i1p1f1,MPI-ESM1-2-HR,0.5,0.5
834,v2-0,tx90pETCCDI,b1961-1990,ssp585,yr,2015-2100,r1i1p1f1,MPI-ESM1-2-HR,0.5,0.5
835,v2-0,tx90pETCCDI,b1961-1990,historical,yr,1850-2014,r1i1p1f1,MPI-ESM1-2-LR,0.5,0.5
836,v2-0,tx90pETCCDI,b1961-1990,ssp126,yr,2015-2100,r1i1p1f1,MPI-ESM1-2-LR,0.5,0.5
837,v2-0,tx90pETCCDI,b1961-1990,ssp245,yr,2015-2100,r1i1p1f1,MPI-ESM1-2-LR,0.5,0.5
838,v2-0,tx90pETCCDI,b1961-1990,ssp370,yr,2015-2100,r1i1p1f1,MPI-ESM1-2-LR,0.5,0.5
839,v2-0,tx90pETCCDI,b1961-1990,ssp585,yr,2015-2100,r1i1p1f1,MPI-ESM1-2-LR,0.5,0.5
840,v2-0,tx90pETCCDI,b1961-1990,historical,yr,1850-2014,r1i1p1f1,MRI-ESM2-0,0.5,0.5
841,v2-0,tx90pETCCDI,b1961-1990,ssp126,yr,2015-2100,r1i1p1f1,MRI-ESM2-0,0.5,0.5
842,v2-0,tx90pETCCDI,b1961-1990,ssp245,yr,2015-2100,r1i1p1f1,MRI-ESM2-0,0.5,0.5
843,v2-0,tx90pETCCDI,b1961-1990,ssp370,yr,2015-2100,r1i1p1f1,MRI-ESM2-0,0.5,0.5
844,v2-0,tx90pETCCDI,b1961-1990,ssp585,yr,2015-2100,r1i1p1f1,MRI-ESM2-0,0.5,0.5
845,v2-0,tx90pETCCDI,b1961-1990,historical,yr,1850-2014,r1i1p1f1,NESM3,0.5,0.5
846,v2-0,tx90pETCCDI,b1961-1990,ssp126,yr,2015-2100,r1i1p1f1,NESM3,0.5,0.5
847,v2-0,tx90pETCCDI,b1961-1990,ssp245,yr,2015-2100,r1i1p1f1,NESM3,0.5,0.5
848,v2-0,tx90pETCCDI,b1961-1990,ssp585,yr,2015-2100,r1i1p1f1,NESM3,0.5,0.5
849,v2-0,tx90pETCCDI,b1961-1990,ssp126,yr,2015-2100,r1i1p1f1,NorESM2-LM,0.5,0.5
850,v2-0,tx90pETCCDI,b1961-1990,ssp245,yr,2015-2100,r1i1p1f1,NorESM2-LM,0.5,0.5
851,v2-0,tx90pETCCDI,b1961-1990,ssp370,yr,2015-2100,r1i1p1f1,NorESM2-LM,0.5,0.5
852,v2-0,tx90pETCCDI,b1961-1990,ssp585,yr,2015-2100,r1i1p1f1,NorESM2-LM,0.5,0.5
853,v2-0,tx90pETCCDI,b1961-1990,historical,yr,1850-2014,r1i1p1f1,NorESM2-MM,0.5,0.5
854,v2-0,tx90pETCCDI,b1961-1990,ssp126,yr,2015-2100,r1i1p1f1,NorESM2-MM,0.5,0.5
855,v2-0,tx90pETCCDI,b1961-1990,ssp245,yr,2015-2100,r1i1p1f1,NorESM2-MM,0.5,0.5
856,v2-0,tx90pETCCDI,b1961-1990,ssp370,yr,2015-2100,r1i1p1f1,NorESM2-MM,0.5,0.5
857,v2-0,tx90pETCCDI,b1961-1990,ssp585,yr,2015-2100,r1i1p1f1,NorESM2-MM,0.5,0.5
858,v2-0,tx90pETCCDI,b1961-1990,historical,yr,1850-2014,r1i1p1f2,UKESM1-0-LL,0.5,0.5
859,v2-0,tx90pETCCDI,b1961-1990,ssp126,yr,2015-2100,r1i1p1f2,UKESM1-0-LL,0.5,0.5
860,v2-0,tx90pETCCDI,b1961-1990,ssp245,yr,2015-2100,r1i1p1f2,UKESM1-0-LL,0.5,0.5
861,v2-0,tx90pETCCDI,b1961-1990,ssp370,yr,2015-2100,r1i1p1f2,UKESM1-0-LL,0.5,0.5
862,v2-0,tx90pETCCDI,b1961-1990,ssp585,yr,2015-2100,r1i1p1f2,UKESM1-0-LL,0.5,0.5
863,v2-0,wsdiETCCDI,b1961-1990,historical,yr,1850-2014,r1i1p1f1,ACCESS-CM2,0.5,0.5
864,v2-0,wsdiETCCDI,b1961-1990,ssp126,yr,2015-2100,r1i1p1f1,ACCESS-CM2,0.5,0.5
865,v2-0,wsdiETCCDI,b1961-1990,ssp245,yr,2015-2100,r1i1p1f1,ACCESS-CM2,0.5,0.5
866,v2-0,wsdiETCCDI,b1961-1990,ssp370,yr,2015-2100,r1i1p1f1,ACCESS-CM2,0.5,0.5
867,v2-0,wsdiETCCDI,b1961-1990,ssp585,yr,2015-2100,r1i1p1f1,ACCESS-CM2,0.5,0.5
868,v2-0,wsdiETCCDI,b1961-1990,historical,yr,1850-2014,r1i1p1f1,ACCESS-ESM1-5,0.5,0.5
869,v2-0,wsdiETCCDI,b1961-1990,ssp126,yr,2015-2100,r1i1p1f1,ACCESS-ESM1-5,0.5,0.5
870,v2-0,wsdiETCCDI,b1961-1990,ssp245,yr,2015-2100,r1i1p1f1,ACCESS-ESM1-5,0.5,0.5
871,v2-0,wsdiETCCDI,b1961-1990,ssp370,yr,2015-2100,r1i1p1f1,ACCESS-ESM1-5,0.5,0.5
872,v2-0,wsdiETCCDI,b1961-1990,ssp585,yr,2015-2100,r1i1p1f1,ACCESS-ESM1-5,0.5,0.5
873,v2-0,wsdiETCCDI,b1961-1990,historical,yr,1850-2014,r1i1p1f1,BCC-CSM2-MR,0.5,0.5
874,v2-0,wsdiETCCDI,b1961-1990,ssp126,yr,2015-2100,r1i1p1f1,BCC-CSM2-MR,0.5,0.5
875,v2-0,wsdiETCCDI,b1961-1990,ssp245,yr,2015-2100,r1i1p1f1,BCC-CSM2-MR,0.5,0.5
876,v2-0,wsdiETCCDI,b1961-1990,ssp370,yr,2015-2100,r1i1p1f1,BCC-CSM2-MR,0.5,0.5
877,v2-0,wsdiETCCDI,b1961-1990,ssp585,yr,2015-2100,r1i1p1f1,BCC-CSM2-MR,0.5,0.5
878,v2-0,wsdiETCCDI,b1961-1990,historical,yr,1850-2014,r1i1p1f2,CNRM-CM6-1-HR,0.5,0.5
879,v2-0,wsdiETCCDI,b1961-1990,ssp126,yr,2015-2100,r1i1p1f2,CNRM-CM6-1-HR,0.5,0.5
880,v2-0,wsdiETCCDI,b1961-1990,ssp585,yr,2015-2100,r1i1p1f2,CNRM-CM6-1-HR,0.5,0.5
881,v2-0,wsdiETCCDI,b1961-1990,historical,yr,1850-2014,r1i1p1f2,CNRM-CM6-1,0.5,0.5
882,v2-0,wsdiETCCDI,b1961-1990,ssp126,yr,2015-2100,r1i1p1f2,CNRM-CM6-1,0.5,0.5
883,v2-0,wsdiETCCDI,b1961-1990,ssp245,yr,2015-2100,r1i1p1f2,CNRM-CM6-1,0.5,0.5
884,v2-0,wsdiETCCDI,b1961-1990,ssp370,yr,2015-2100,r1i1p1f2,CNRM-CM6-1,0.5,0.5
885,v2-0,wsdiETCCDI,b1961-1990,ssp585,yr,2015-2100,r1i1p1f2,CNRM-CM6-1,0.5,0.5
886,v2-0,wsdiETCCDI,b1961-1990,historical,yr,1850-2014,r1i1p1f2,CNRM-ESM2-1,0.5,0.5
887,v2-0,wsdiETCCDI,b1961-1990,ssp126,yr,2015-2100,r1i1p1f2,CNRM-ESM2-1,0.5,0.5
888,v2-0,wsdiETCCDI,b1961-1990,ssp245,yr,2015-2100,r1i1p1f2,CNRM-ESM2-1,0.5,0.5
889,v2-0,wsdiETCCDI,b1961-1990,ssp370,yr,2015-2100,r1i1p1f2,CNRM-ESM2-1,0.5,0.5
890,v2-0,wsdiETCCDI,b1961-1990,ssp585,yr,2015-2100,r1i1p1f2,CNRM-ESM2-1,0.5,0.5
891,v2-0,wsdiETCCDI,b1961-1990,historical,yr,1850-2014,r1i1p1f1,CanESM5,0.5,0.5
892,v2-0,wsdiETCCDI,b1961-1990,ssp245,yr,2015-2100,r1i1p1f1,CanESM5,0.5,0.5
893,v2-0,wsdiETCCDI,b1961-1990,ssp370,yr,2015-2100,r1i1p1f1,CanESM5,0.5,0.5
894,v2-0,wsdiETCCDI,b1961-1990,ssp585,yr,2015-2100,r1i1p1f1,CanESM5,0.5,0.5
895,v2-0,wsdiETCCDI,b1961-1990,historical,yr,1850-2014,r1i1p1f1,EC-Earth3-Veg,0.5,0.5
896,v2-0,wsdiETCCDI,b1961-1990,ssp126,yr,2015-2100,r1i1p1f1,EC-Earth3-Veg,0.5,0.5
897,v2-0,wsdiETCCDI,b1961-1990,ssp245,yr,2015-2100,r1i1p1f1,EC-Earth3-Veg,0.5,0.5
898,v2-0,wsdiETCCDI,b1961-1990,ssp370,yr,2015-2100,r1i1p1f1,EC-Earth3-Veg,0.5,0.5
899,v2-0,wsdiETCCDI,b1961-1990,ssp585,yr,2015-2100,r1i1p1f1,EC-Earth3-Veg,0.5,0.5
900,v2-0,wsdiETCCDI,b1961-1990,historical,yr,1850-2014,r1i1p1f1,EC-Earth3,0.5,0.5
901,v2-0,wsdiETCCDI,b1961-1990,ssp126,yr,2015-2100,r1i1p1f1,EC-Earth3,0.5,0.5
902,v2-0,wsdiETCCDI,b1961-1990,ssp245,yr,2015-2100,r1i1p1f1,EC-Earth3,0.5,0.5
903,v2-0,wsdiETCCDI,b1961-1990,ssp370,yr,2015-2100,r1i1p1f1,EC-Earth3,0.5,0.5
904,v2-0,wsdiETCCDI,b1961-1990,ssp585,yr,2015-2100,r1i1p1f1,EC-Earth3,0.5,0.5
905,v2-0,wsdiETCCDI,b1961-1990,ssp126,yr,2015-2100,r1i1p1f1,FGOALS-g3,0.5,0.5
906,v2-0,wsdiETCCDI,b1961-1990,ssp245,yr,2015-2100,r1i1p1f1,FGOALS-g3,0.5,0.5
907,v2-0,wsdiETCCDI,b1961-1990,ssp370,yr,2015-2100,r1i1p1f1,FGOALS-g3,0.5,0.5
908,v2-0,wsdiETCCDI,b1961-1990,ssp585,yr,2015-2100,r1i1p1f1,FGOALS-g3,0.5,0.5
909,v2-0,wsdiETCCDI,b1961-1990,historical,yr,1850-2014,r1i1p1f1,GFDL-CM4,0.5,0.5
910,v2-0,wsdiETCCDI,b1961-1990,ssp245,yr,2015-2100,r1i1p1f1,GFDL-CM4,0.5,0.5
911,v2-0,wsdiETCCDI,b1961-1990,ssp585,yr,2015-2100,r1i1p1f1,GFDL-CM4,0.5,0.5
912,v2-0,wsdiETCCDI,b1961-1990,historical,yr,1850-2014,r1i1p1f1,GFDL-ESM4,0.5,0.5
913,v2-0,wsdiETCCDI,b1961-1990,ssp126,yr,2015-2100,r1i1p1f1,GFDL-ESM4,0.5,0.5
914,v2-0,wsdiETCCDI,b1961-1990,ssp245,yr,2015-2100,r1i1p1f1,GFDL-ESM4,0.5,0.5
915,v2-0,wsdiETCCDI,b1961-1990,ssp370,yr,2015-2100,r1i1p1f1,GFDL-ESM4,0.5,0.5
916,v2-0,wsdiETCCDI,b1961-1990,ssp585,yr,2015-2100,r1i1p1f1,GFDL-ESM4,0.5,0.5
917,v2-0,wsdiETCCDI,b1961-1990,historical,yr,1850-2014,r1i1p1f3,HadGEM3-GC31-LL,0.5,0.5
918,v2-0,wsdiETCCDI,b1961-1990,ssp126,yr,2015-2100,r1i1p1f3,HadGEM3-GC31-LL,0.5,0.5
919,v2-0,wsdiETCCDI,b1961-1990,ssp245,yr,2015-2100,r1i1p1f3,HadGEM3-GC31-LL,0.5,0.5
920,v2-0,wsdiETCCDI,b1961-1990,ssp585,yr,2015-2100,r1i1p1f3,HadGEM3-GC31-LL,0.5,0.5
921,v2-0,wsdiETCCDI,b1961-1990,historical,yr,1850-2014,r1i1p1f3,HadGEM3-GC31-MM,0.5,0.5
922,v2-0,wsdiETCCDI,b1961-1990,ssp126,yr,2015-2100,r1i1p1f3,HadGEM3-GC31-MM,0.5,0.5
923,v2-0,wsdiETCCDI,b1961-1990,ssp585,yr,2015-2100,r1i1p1f3,HadGEM3-GC31-MM,0.5,0.5
924,v2-0,wsdiETCCDI,b1961-1990,historical,yr,1850-2014,r1i1p1f1,INM-CM4-8,0.5,0.5
925,v2-0,wsdiETCCDI,b1961-1990,ssp126,yr,2015-2100,r1i1p1f1,INM-CM4-8,0.5,0.5
926,v2-0,wsdiETCCDI,b1961-1990,ssp245,yr,2015-2100,r1i1p1f1,INM-CM4-8,0.5,0.5
927,v2-0,wsdiETCCDI,b1961-1990,ssp370,yr,2015-2100,r1i1p1f1,INM-CM4-8,0.5,0.5
928,v2-0,wsdiETCCDI,b1961-1990,ssp585,yr,2015-2100,r1i1p1f1,INM-CM4-8,0.5,0.5
929,v2-0,wsdiETCCDI,b1961-1990,historical,yr,1850-2014,r1i1p1f1,INM-CM5-0,0.5,0.5
930,v2-0,wsdiETCCDI,b1961-1990,ssp126,yr,2015-2100,r1i1p1f1,INM-CM5-0,0.5,0.5
931,v2-0,wsdiETCCDI,b1961-1990,ssp245,yr,2015-2100,r1i1p1f1,INM-CM5-0,0.5,0.5
932,v2-0,wsdiETCCDI,b1961-1990,ssp370,yr,2015-2100,r1i1p1f1,INM-CM5-0,0.5,0.5
933,v2-0,wsdiETCCDI,b1961-1990,ssp585,yr,2015-2100,r1i1p1f1,INM-CM5-0,0.5,0.5
934,v2-0,wsdiETCCDI,b1961-1990,historical,yr,1850-2014,r1i1p1f1,KACE-1-0-G,0.5,0.5
935,v2-0,wsdiETCCDI,b1961-1990,ssp126,yr,2015-2100,r1i1p1f1,KACE-1-0-G,0.5,0.5
936,v2-0,wsdiETCCDI,b1961-1990,ssp245,yr,2015-2100,r1i1p1f1,KACE-1-0-G,0.5,0.5
937,v2-0,wsdiETCCDI,b1961-1990,ssp370,yr,2015-2100,r1i1p1f1,KACE-1-0-G,0.5,0.5
938,v2-0,wsdiETCCDI,b1961-1990,ssp585,yr,2015-2100,r1i1p1f1,KACE-1-0-G,0.5,0.5
939,v2-0,wsdiETCCDI,b1961-1990,historical,yr,1850-2014,r1i1p1f1,KIOST-ESM,0.5,0.5
940,v2-0,wsdiETCCDI,b1961-1990,ssp126,yr,2015-2100,r1i1p1f1,KIOST-ESM,0.5,0.5
941,v2-0,wsdiETCCDI,b1961-1990,ssp245,yr,2015-2100,r1i1p1f1,KIOST-ESM,0.5,0.5
942,v2-0,wsdiETCCDI,b1961-1990,ssp585,yr,2015-2100,r1i1p1f1,KIOST-ESM,0.5,0.5
943,v2-0,wsdiETCCDI,b1961-1990,historical,yr,1850-2014,r1i1p1f2,MIROC-ES2L,0.5,0.5
944,v2-0,wsdiETCCDI,b1961-1990,ssp126,yr,2015-2100,r1i1p1f2,MIROC-ES2L,0.5,0.5
945,v2-0,wsdiETCCDI,b1961-1990,ssp245,yr,2015-2100,r1i1p1f2,MIROC-ES2L,0.5,0.5
946,v2-0,wsdiETCCDI,b1961-1990,ssp370,yr,2015-2100,r1i1p1f2,MIROC-ES2L,0.5,0.5
947,v2-0,wsdiETCCDI,b1961-1990,ssp585,yr,2015-2100,r1i1p1f2,MIROC-ES2L,0.5,0.5
948,v2-0,wsdiETCCDI,b1961-1990,historical,yr,1850-2014,r1i1p1f1,MIROC6,0.5,0.5
949,v2-0,wsdiETCCDI,b1961-1990,ssp126,yr,2015-2100,r1i1p1f1,MIROC6,0.5,0.5
950,v2-0,wsdiETCCDI,b1961-1990,ssp245,yr,2015-2100,r1i1p1f1,MIROC6,0.5,0.5
951,v2-0,wsdiETCCDI,b1961-1990,ssp370,yr,2015-2100,r1i1p1f1,MIROC6,0.5,0.5
952,v2-0,wsdiETCCDI,b1961-1990,ssp585,yr,2015-2100,r1i1p1f1,MIROC6,0.5,0.5
953,v2-0,wsdiETCCDI,b1961-1990,historical,yr,1850-2014,r1i1p1f1,MPI-ESM1-2-HR,0.5,0.5
954,v2-0,wsdiETCCDI,b1961-1990,ssp126,yr,2015-2100,r1i1p1f1,MPI-ESM1-2-HR,0.5,0.5
955,v2-0,wsdiETCCDI,b1961-1990,ssp245,yr,2015-2100,r1i1p1f1,MPI-ESM1-2-HR,0.5,0.5
956,v2-0,wsdiETCCDI,b1961-1990,ssp370,yr,2015-2100,r1i1p1f1,MPI-ESM1-2-HR,0.5,0.5
957,v2-0,wsdiETCCDI,b1961-1990,ssp585,yr,2015-2100,r1i1p1f1,MPI-ESM1-2-HR,0.5,0.5
958,v2-0,wsdiETCCDI,b1961-1990,historical,yr,1850-2014,r1i1p1f1,MPI-ESM1-2-LR,0.5,0.5
959,v2-0,wsdiETCCDI,b1961-1990,ssp126,yr,2015-2100,r1i1p1f1,MPI-ESM1-2-LR,0.5,0.5
960,v2-0,wsdiETCCDI,b1961-1990,ssp245,yr,2015-2100,r1i1p1f1,MPI-ESM1-2-LR,0.5,0.5
961,v2-0,wsdiETCCDI,b1961-1990,ssp370,yr,2015-2100,r1i1p1f1,MPI-ESM1-2-LR,0.5,0.5
962,v2-0,wsdiETCCDI,b1961-1990,ssp585,yr,2015-2100,r1i1p1f1,MPI-ESM1-2-LR,0.5,0.5
963,v2-0,wsdiETCCDI,b1961-1990,historical,yr,1850-2014,r1i1p1f1,MRI-ESM2-0,0.5,0.5
964,v2-0,wsdiETCCDI,b1961-1990,ssp126,yr,2015-2100,r1i1p1f1,MRI-ESM2-0,0.5,0.5
965,v2-0,wsdiETCCDI,b1961-1990,ssp245,yr,2015-2100,r1i1p1f1,MRI-ESM2-0,0.5,0.5
966,v2-0,wsdiETCCDI,b1961-1990,ssp370,yr,2015-2100,r1i1p1f1,MRI-ESM2-0,0.5,0.5
967,v2-0,wsdiETCCDI,b1961-1990,ssp585,yr,2015-2100,r1i1p1f1,MRI-ESM2-0,0.5,0.5
968,v2-0,wsdiETCCDI,b1961-1990,historical,yr,1850-2014,r1i1p1f1,NESM3,0.5,0.5
969,v2-0,wsdiETCCDI,b1961-1990,ssp126,yr,2015-2100,r1i1p1f1,NESM3,0.5,0.5
970,v2-0,wsdiETCCDI,b1961-1990,ssp245,yr,2015-2100,r1i1p1f1,NESM3,0.5,0.5
971,v2-0,wsdiETCCDI,b1961-1990,ssp585,yr,2015-2100,r1i1p1f1,NESM3,0.5,0.5
972,v2-0,wsdiETCCDI,b1961-1990,ssp126,yr,2015-2100,r1i1p1f1,NorESM2-LM,0.5,0.5
973,v2-0,wsdiETCCDI,b1961-1990,ssp245,yr,2015-2100,r1i1p1f1,NorESM2-LM,0.5,0.5
974,v2-0,wsdiETCCDI,b1961-1990,ssp370,yr,2015-2100,r1i1p1f1,NorESM2-LM,0.5,0.5
975,v2-0,wsdiETCCDI,b1961-1990,ssp585,yr,2015-2100,r1i1p1f1,NorESM2-LM,0.5,0.5
976,v2-0,wsdiETCCDI,b1961-1990,historical,yr,1850-2014,r1i1p1f1,NorESM2-MM,0.5,0.5
977,v2-0,wsdiETCCDI,b1961-1990,ssp126,yr,2015-2100,r1i1p1f1,NorESM2-MM,0.5,0.5
978,v2-0,wsdiETCCDI,b1961-1990,ssp245,yr,2015-2100,r1i1p1f1,NorESM2-MM,0.5,0.5
979,v2-0,wsdiETCCDI,b1961-1990,ssp370,yr,2015-2100,r1i1p1f1,NorESM2-MM,0.5,0.5
980,v2-0,wsdiETCCDI,b1961-1990,ssp585,yr,2015-2100,r1i1p1f1,NorESM2-MM,0.5,0.5
981,v2-0,wsdiETCCDI,b1961-1990,historical,yr,1850-2014,r1i1p1f2,UKESM1-0-LL,0.5,0.5
982,v2-0,wsdiETCCDI,b1961-1990,ssp126,yr,2015-2100,r1i1p1f2,UKESM1-0-LL,0.5,0.5
983,v2-0,wsdiETCCDI,b1961-1990,ssp245,yr,2015-2100,r1i1p1f2,UKESM1-0-LL,0.5,0.5
984,v2-0,wsdiETCCDI,b1961-1990,ssp370,yr,2015-2100,r1i1p1f2,UKESM1-0-LL,0.5,0.5
985,v2-0,wsdiETCCDI,b1961-1990,ssp585,yr,2015-2100,r1i1p1f2,UKESM1-0-LL,0.5,0.5
